id,full_name,job,gender,city,salary,birthday
01JNMHM4JRTXTD4V7GG88VSFAZ,May Jambrozek,Computer Systems Analyst IV,M,Sorinomo,55802,8/7/1994
01JNMHM4JS8CC58RQPTVA3XPRS,Henryetta Duckworth,Programmer Analyst III,M,Shalushka,98672,10/14/1979
01JNMHM4JTG8VXHNN6PQQMNCBF,Timotheus Tivenan,Business Systems Development Analyst,M,Dois Vizinhos,40378,7/12/1983
01JNMHM4JV2CAATQQ98TYCQZB6,Wynn Troker,Office Assistant IV,F,San Bernardino,43589,12/23/1995
01JNMHM4JWSWHPFAM4Y68BQYAJ,Vassili Spilsbury,Librarian,F,Domartang,54872,8/26/1997
01JNMHM4JXBP19W81DFFR8936J,Meryl Hannah,Pharmacist,M,Erechim,84313,2/22/1991
01JNMHM4JXXJF6T0CCYVK2H4ZA,Saree Trustram,Technical Writer,F,Kinkala,87776,10/27/1975
01JNMHM4JY6CASHGXAKR7NT8E6,Lynelle Hemms,Professor,M,Huanggu,78066,6/1/1977
01JNMHM4JZ3TVFM2TBY2RMCB1W,Ad Colliber,GIS Technical Architect,M,Komatsushimachō,29614,12/25/1991
01JNMHM4K0Q0XNCH5M9SMP8C2J,Valentina Pays,Assistant Media Planner,M,Esmeralda,31881,6/17/1992
01JNMHM4K1FMD62KRYPC4M9C9Q,Allsun Eccleshare,Web Designer II,M,Briey,15786,8/14/1989
01JNMHM4K2MFW33RMV2S2524E4,Ruby Catherine,Food Chemist,F,Aimorés,59875,5/29/1999
01JNMHM4K22DD8EV56YCWFWDJ2,Rori Garwell,Safety Technician I,M,San Agustin,96520,10/7/1990
01JNMHM4K3W6C3VQTMSGZWA3FM,Foss Southwood,Social Worker,F,Volovo,21014,4/14/1986
01JNMHM4K4RC3EJQPR8KST5KFH,Teirtza Sinnat,Senior Developer,F,Qarqīn,77082,10/7/1989
01JNMHM4K5KVXB6AQNTHEH4TTP,Tania Kumaar,Help Desk Operator,M,Balkanabat,76394,6/29/1983
01JNMHM4K594BD72YJ9QC783QY,Myrvyn Bodell,Web Designer III,F,Capira,39537,2/6/1977
01JNMHM4K61365EZAQG83E3JRZ,Liva Giurio,Structural Engineer,F,Luzern,90506,6/23/1975
01JNMHM4K8DM8V0X67K67GHQT5,Cassius Itzkov,Financial Advisor,F,Hacı Zeynalabdin,77318,3/13/1981
01JNMHM4K90BR9D8XWT5X1GYRS,Debee Muris,Compensation Analyst,F,Klimontów,48275,6/21/1997
01JNMHM4KA133BA7V7S0XXZE74,Bronson Burger,Pharmacist,M,Esperalvillo,94393,2/23/1978
01JNMHM4KBZK7XH0Y3D2E3VCX1,Stefanie Brilon,Web Developer II,F,Muzayri‘,21134,6/27/1988
01JNMHM4KCF8F3KBR724D4610R,Alecia Manginot,Biostatistician I,F,Lampa,77730,10/16/1990
01JNMHM4KD9T2AAKJZ9YK7ET4N,Cordelia McNelis,Human Resources Assistant II,F,T’aebaek,50403,4/3/1999
01JNMHM4KD7V85MHKZAQZ8F182,Madge Burnie,Cost Accountant,F,Brody,40405,3/19/1971
01JNMHM4KEM5PEF75PWWZPEEZX,Gerda McGinley,Sales Associate,F,Port Washington,43963,9/29/1972
01JNMHM4KF0FREE59NSRHDF73P,Stephie Liquorish,Technical Writer,M,Senanga,14642,8/17/1990
01JNMHM4KGAVS8AP35N21BMSNR,Lucretia Lamzed,Recruiter,M,Iracemápolis,98484,7/22/1984
01JNMHM4KG5RY2FV36JNE843T7,Fay Iamittii,Automation Specialist IV,F,Kasreman Wetan,56303,2/12/1981
01JNMHM4KH4G6HWBHTGTWN5VSD,Keri Wickliffe,Technical Writer,F,Shangtuhai,81943,7/15/1989
01JNMHM4KJEE967DBKB9CHVRMK,Deedee Bohlens,Physical Therapy Assistant,F,Chaoyang,49053,5/14/1971
01JNMHM4KKQHBYB9YQJ9EMS4HV,Darya Thickett,Geologist IV,F,Fengyan,93955,7/9/1974
01JNMHM4KMWPM9Z7DT6FFVPTS2,Goldy Gratland,Biostatistician II,M,Wolin,75756,10/7/1998
01JNMHM4KNCRQ929QS155VXYCV,Victoir Fontanet,Senior Financial Analyst,M,Villeneuve-sur-Lot,24772,10/21/1984
01JNMHM4KPXKG50N0HVMPQKZ3N,Loren Maynell,Administrative Assistant I,F,Beihe,39509,5/31/1988
01JNMHM4KQV6AGBZESE1ENZF5P,Tamiko Catterell,Help Desk Operator,M,Muliang,10162,8/14/1974
01JNMHM4KRWNRWZV1V20JZRAWA,Chariot Pirri,General Manager,M,Ngulangan,42450,12/15/1982
01JNMHM4KR3S0B64S8ZQCVEZ53,Cody Bartrum,Marketing Manager,M,Gorjani,48297,3/11/1991
01JNMHM4KSDP0PT99BA40FK64J,Ulrick Risen,Human Resources Assistant III,M,Lingyang,77701,4/4/1988
01JNMHM4KTDJA27GA5VX5NYN4K,Karola Stainson,Assistant Professor,M,Longping,74818,12/24/1997
01JNMHM4KT7RZ72TDJ05V7QA0X,Leone Duckels,Computer Systems Analyst III,M,Pabuaran,96344,5/8/1977
01JNMHM4KV7TDDZA6SR1GC53R2,Janos Treadwell,Business Systems Development Analyst,F,Oslo,50236,6/24/1997
01JNMHM4KXSHTXACHY2Z8HYD8M,Sherlock Chasles,Sales Representative,F,Olszówka,59238,10/12/1999
01JNMHM4KZHFN83WRYF7GN8HJD,Buddie Kew,Nurse Practicioner,M,Pondokwungu,48287,10/26/1986
01JNMHM4M07N7AM60E82W2KCSC,Tracey Begg,Clinical Specialist,F,Tambakmerak,68765,8/24/1991
01JNMHM4M1RK3DXZFKZ08QBFPQ,William Bletso,Administrative Assistant III,M,Pehčevo,48033,2/24/1991
01JNMHM4M1X31ZD5F02ZR8XY4Y,Sigmund Worsall,Financial Analyst,F,Santo Tomé,24490,4/5/1990
01JNMHM4M27GRADMW68SN4VBD9,Jemima Jenman,Actuary,F,Nyaungdon,48692,8/21/1985
01JNMHM4M3HGDHB7KGWCG9KT7T,Gwyn Beaudry,VP Product Management,M,Garunggang,63165,9/13/1973
01JNMHM4M4BTPJNK4B8V7AVDBP,Merline Magne,Senior Editor,F,Hejiaping,21991,7/7/1993
01JNMHM4M5Q12MZHJ3X06BZ3W5,Cherri Lathwood,Financial Analyst,M,Tembisa,31183,3/22/1983
01JNMHM4M64WS8A1QFHTZ0F6S7,Kevin Firle,Administrative Assistant II,F,Malata,74400,5/27/1999
01JNMHM4M84A4RXP4PJ0KX7NZP,Corene Anstead,Structural Analysis Engineer,M,Aného,42801,9/13/1977
01JNMHM4M99FBDSQVAH1CY2VE2,Meggy Bonass,Senior Cost Accountant,F,Milicz,84057,8/2/1983
01JNMHM4MA8X8PQHEBWPCX6103,Bjorn Pennycuick,Senior Developer,F,Sibay,52142,3/13/1978
01JNMHM4MCR2Z8JC7N05C3ZQ0W,Gustave Howels,Paralegal,F,Lalapanzi,41125,4/17/1971
01JNMHM4MD67A06ARFPR26VPWD,Jo-anne Wilcockes,Recruiting Manager,F,Torez,32069,1/18/1974
01JNMHM4MF34W2XN5ZJ95GV8PY,Diandra Tournie,Chief Design Engineer,M,Pleszew,56616,2/21/1986
01JNMHM4MGS4R8HDPVMWVCTQ8E,Bail Antrack,Civil Engineer,M,Zlatoust,68657,2/7/1995
01JNMHM4MH2QW64SBKM2979MS7,Mahmoud Mathen,Structural Engineer,M,Balboa,10014,12/16/1997
01JNMHM4MKFVVHH6BKEFYMTV1W,Nadia Ezzy,Assistant Manager,F,Huanghuatan,71001,9/26/1998
01JNMHM4MM9N2H5Q96P07HN0V8,Morris Kelcher,Programmer IV,M,Karata,68711,11/5/1990
01JNMHM4MNFXAFZW6AYVGVBPG5,Felizio O'Grogane,Web Developer II,F,Chahe,51924,6/3/1980
01JNMHM4MP1692BYMDS5KXNVW6,Merrill Ebbens,Editor,F,Yanghong,47273,11/1/1992
01JNMHM4MQD9XAYVN0VSSPGQRT,Bailie Clipston,Community Outreach Specialist,M,Alcantara,27727,9/23/1972
01JNMHM4MRD2SYSYTDPHPJRD1Q,Layne Goodie,Biostatistician III,F,Tyoply Stan,31616,9/11/1977
01JNMHM4MS2DNXFVMN2VJ20R30,Cyrillus Daton,Research Associate,M,Doljevac,39048,4/5/1987
01JNMHM4MTQ263BQK3BPG2R91H,Iseabal Armin,Human Resources Assistant I,M,Tranås,62045,2/6/1978
01JNMHM4MVA4TCXP3YRY9X6BYH,Trish Laskey,Chief Design Engineer,M,Gradačac,83996,9/9/1972
01JNMHM4MWSJRNEXXMBZSTF13F,Helaina Dorracott,Structural Engineer,M,Sang-e Chārak,71169,3/12/1974
01JNMHM4MY9HDGT5FBT5PNPAK8,Krishnah Martinec,Environmental Specialist,M,Jichang,38100,7/29/1981
01JNMHM4MZ292RSTXK854YPCAR,Ally Argent,Project Manager,F,Tarczyn,66370,9/3/1995
01JNMHM4N1RR9P49Y1VT63YQ9V,Norrie Smidmore,Administrative Assistant II,F,Barusuda,53564,2/28/1973
01JNMHM4N28T6GTHAKAD46MD6W,Pat Cluckie,Web Designer II,F,Baunu-Timbangan,28365,5/22/1988
01JNMHM4N432D9JMD6PZ9XN7GK,Isidora Mulryan,Sales Associate,M,Su’ao,60824,6/12/1974
01JNMHM4N53DMSW7XPE86CXA8E,Patricia McGinney,Recruiter,F,Krajan Caluk,43721,10/25/1971
01JNMHM4N7AT0XS1S5ZQER49B4,Vonnie Eastabrook,Recruiting Manager,M,Gameleira,50475,10/23/1991
01JNMHM4N8NX5NX7XK7SZ7DCQN,Derward Millard,Staff Scientist,F,Karlstad,59137,11/21/1973
01JNMHM4NA80SW4G9E0RSTNH3S,Magdalena Roantree,Dental Hygienist,M,Mostek,66769,9/8/1996
01JNMHM4NB9BCCNE666DRKPF1D,Ezra Pesik,Geological Engineer,M,Jargalant,98527,1/27/1974
01JNMHM4NC10WBPA4QXZJNKT6X,Addie Blasli,Chemical Engineer,M,Morrito,63353,7/5/1976
01JNMHM4NDK7J5JXTHRHWGFSW3,Glynnis Streeter,Data Coordinator,F,Jambubol,21083,6/10/1981
01JNMHM4NE2M9Q82CRXP1PG8V5,Britte Jantel,Accountant IV,M,Leeds,60621,7/15/1995
01JNMHM4NFMH4RRTXN0KSM1M7W,Richart Doylend,Tax Accountant,M,Jabranti,33500,1/8/1976
01JNMHM4NGH3986YC269A9PMFT,Janean Ply,Quality Control Specialist,M,Campo de la Cruz,54528,2/7/1971
01JNMHM4NH829VNYQKJFXQEXEM,Deny Balchen,Geologist I,M,Privolzhskiy,17692,11/11/1986
01JNMHM4NK4QJBCPBVAM71QFMT,Lucita Rolance,Operator,M,La Libertad,64127,4/26/1998
01JNMHM4NMDKDSGMAW7YXXTFZM,Alison Seignior,Electrical Engineer,M,Satte,40023,8/29/1970
01JNMHM4NPTV53ZSKZJGQQPZ0Z,Omero Berthel,Senior Quality Engineer,M,Visim,36741,3/19/1998
01JNMHM4NQPG36B40TF58HJ6EV,Hodge Pinnocke,Human Resources Manager,F,Železný Brod,59782,11/20/1976
01JNMHM4NSM7XSNGGFB07MX3VZ,Denise Whiteley,Environmental Specialist,M,Agarsin,54413,6/12/1988
01JNMHM4NTGDDY7R4HNK31HTR8,Amalle Whitlock,Web Developer II,F,Taiyigong,35639,7/17/1974
01JNMHM4NW5SB9J6KJ90JCJGAH,Ange McIlvaney,Chemical Engineer,M,Dire Dawa,79181,10/5/1996
01JNMHM4NXSGRQ4YSCWADK2DZ8,Miller Ballefant,Marketing Manager,F,Taihe,85515,4/20/1990
01JNMHM4NYCDTYZZK147H1T6CG,Robbi Yakovitch,Technical Writer,F,Dubravica,15261,1/22/1996
01JNMHM4NZ677YHH6VGRNENRB8,Janis Saville,Professor,F,Qishn,84750,8/28/1981
01JNMHM4P096AS3BQRFHH50H8H,Alla Soldi,Developer IV,M,Ar Rawnah,78098,2/24/1985
01JNMHM4P0SN4WJGTK1MAB4PZV,Zitella Cathrae,Editor,F,Yacuíba,59568,2/25/1992
01JNMHM4P1DT7YBDZJYFG8FCZM,Theda Panswick,Help Desk Technician,M,Washington,88837,7/24/1972
01JNMHM4P2TT7VKG23498DGW22,Lucretia Banger,Programmer Analyst IV,F,Göteborg,55692,4/8/1986
