id,title,author,year
01JNDQ8Q19TYQ42T9F2WXKHVZ7,"Last Mimzy, The",Siegfried Sheal,1996
01JNDQ8Q35YM9398XAFDRTNYMV,"Man with the Golden Arm, The",Clevie Le Gallo,1991
01JNDQ8Q36HHG10TP8YYBRQ97C,Deal of the Century,Ephrayim Vesco,2003
01JNDQ8Q36FQ9RCXJD0VWDAXA4,Mille bolle blu,Emmalyn Roj,2001
01JNDQ8Q373C43ARAGJZP4WCR1,Eye In The Sky (Gun chung),Budd Milam,1992
01JNDQ8Q37DHCZ4DZA9EV10GT6,Rent-a-Kid,Herold Connealy,2020
01JNDQ8Q387PHBME76RFKYJ29W,You and Me (Ty i ya),Cort Bonafant,2002
01JNDQ8Q38C8WX4V78V0T11JDN,"Flight of Dragons, The",Jody Samwyse,1995
01JNDQ8Q395BJWJSH115VQ4VPX,Purgatory,Fanya Jendricke,2020
01JNDQ8Q39FVY9W79EW9KGRQP3,Boys Life 2,Denney Cribbott,2016
01JNDQ8Q39S3BE7A4VHXHEYJKZ,Less is More (Menos es más),Mervin Tolmie,2001
01JNDQ8Q3AVQP574J99Q1BNZCY,Drunk Stoned Brilliant Dead: The Story of the National Lampoon,Margo Linnit,2005
01JNDQ8Q3AAQBRNCJZJZX0BBJD,Lady Chatterley's Lover,Gretchen Kermit,2001
01JNDQ8Q3BZX9NNNSPG277FXHZ,Shara (Sharasojyu),Emmaline Fowle,1991
01JNDQ8Q3BXMF26XVMJH8N1J39,Carlito's Way: Rise to Power (Carlito's Way 2: Rise to Power),Brunhilde Gillebride,2002
01JNDQ8Q3CWVEAPT84KH59D9V5,Baxter,Adlai Neighbour,2016
01JNDQ8Q3D2Y81GGCWT6HYSEFJ,"Invisible Ray, The",Cass Bowering,2009
01JNDQ8Q3D1SMV8VF7JSR99NYV,Stanley Kubrick's Boxes,Lilia Rankmore,2000
01JNDQ8Q3E10E4R7WPZK6TGKK9,Beaches,Donny Marikhin,1997
01JNDQ8Q3FV85H8S06XQBZV42G,Storm Over Asia (Potomok Chingis-Khana),Kevon Bowditch,2019
01JNDQ8Q3FQ1JR4SZDK6244X6C,"Incredible Petrified World, The",Alan Biddleston,2005
01JNDQ8Q3GPR87S5J10S7WTTM4,Lone Wolf and Cub: Baby Cart to Hades (Kozure Ôkami: Shinikazeni mukau ubaguruma),Melli Ludgrove,2018
01JNDQ8Q3GWN1FFVXFWXRHWJ5F,Gitarrmongot,Burt Cosgrave,1996
01JNDQ8Q3GPX6XW8CES4G4H5H9,"Burglars, The (Le casse)",Coretta Hegley,1999
01JNDQ8Q3HASRGP15HH6NXHRNF,La Soufrière - Warten auf eine unausweichliche Katastrophe,Baryram Tink,1994
01JNDQ8Q3HSR4C3SD80ZRCMQ3G,The Good Lie,Lester Templar,1998
01JNDQ8Q3JVSF0W91V493R0TES,"Midsummer Night's Dream, A",Job Seaborne,2007
01JNDQ8Q3J7M827QRJRF52A1Z8,Brother Rat,Benjamen Jenno,2002
01JNDQ8Q3KSD8EG25T9R6ZP50F,Amsterdamned,Steffen Dreini,2015
01JNDQ8Q3KHR79XN1D6XMXY5TH,Come Early Morning,Lyndell Lote,1995
01JNDQ8Q3MYS77AGWKDFPZ91G9,Railroaded!,Giorgia Henryson,2012
01JNDQ8Q3MFZNH8WDPP5R0PFWE,Wanderers,Seymour McDermid,2002
01JNDQ8Q3M87NN5632F77P1G7R,Carolina,Stacy Mulchrone,2020
01JNDQ8Q3NYWBMMEZMJMFH23EX,Saw VII 3D - The Final Chapter,Peg Downing,2006
01JNDQ8Q3N6CCPEPE8NAJHDBVW,"Snapper, The",Saunder Pedrocchi,2015
01JNDQ8Q3P9ND41JRA05QSQ94K,Penguins of Madagascar,Robbie Demanche,2008
01JNDQ8Q3PSWECCV4RZ4M4M7Y0,Purple Butterfly (Zi hudie),Giffie Brandon,2008
01JNDQ8Q3PE5A0N3C6D0QB27Z7,Nobody,Berti Ruler,1996
01JNDQ8Q3Q611M3B9S2X6BC32F,"Protector, The (a.k.a. Warrior King) (Tom yum goong)",Chiquita Witling,1998
01JNDQ8Q3QBBC5MFDQRBW985P5,Zombeavers,Del Calafato,1994
01JNDQ8Q3R9GK2WPMB4RNF8N2S,Charlotte Gray,Cozmo Gurton,2002
01JNDQ8Q3SHHSH4MM39V78DBGW,"Lost Embrace (Abrazo partido, El)",Jerrome Loughney,1992
01JNDQ8Q3SZEFR38J6FC41SGP9,"Man of Straw (Untertan, Der)",Verile Younglove,2020
01JNDQ8Q3S5S0N4DB9ZH66GM6B,"Fond Kiss, A (Ae Fond Kiss...)",Grace Lemmanbie,2009
01JNDQ8Q3TY65DH8PYGBGTCSYH,Whipped,Colet Dewdeny,2018
01JNDQ8Q3T1ER5PAT9SWXQ8A72,Henry Poole is Here,Hedvige Islep,2004
01JNDQ8Q3V7R4HMRJ0A93JEBRB,"Space Movie, The",Electra Keese,2003
01JNDQ8Q3VNCX2CW9280H9NZCF,Elena,Lyn Kerridge,2017
01JNDQ8Q3W3CN44PT6R9MV1Q41,Ten Minutes Older: The Trumpet,Kary Merchant,2013
01JNDQ8Q3WYVKYDS2GT14YPN5G,"Seduction of Joe Tynan, The",Terrie Local,2000
01JNDQ8Q3W9PP6YY3YAXSMWWY9,"Return to Homs, The",Andrea McCrae,2004
01JNDQ8Q3XZXSZZTEMHKSACMM5,"Most Beautiful, The (Ichiban utsukushiku)",Hadrian Gorriessen,2008
01JNDQ8Q3X493095YV851HPG0Z,"Brief History of Time, A",Caril Guilford,2001
01JNDQ8Q3YT49SG9KX1E6CDMBV,Louis C.K.: Live at the Beacon Theater,Zack Gerson,2019
01JNDQ8Q3YPQGPE0M25JV42GSP,I'm Going Home (Je rentre à la maison),Meggi Blare,2012
01JNDQ8Q3Z56Y83NER2QV9KM3T,Beneath the Planet of the Apes,Dalli Mixture,2009
01JNDQ8Q3Z5V5ARFDDWJQD14YP,Police Academy 5: Assignment: Miami Beach,Nealson Franzel,2008
01JNDQ8Q3Z1ZBH0Y2N5RYWNASQ,...And Justice for All,Pattie Durning,2000
01JNDQ8Q403QN3C2737R3N5Z6J,Runaway Train,Demetria Vondra,2014
01JNDQ8Q40FW4W3174S2WNSFEQ,Bewitched,Eben Lukasik,2002
01JNDQ8Q416VFM55XVP9YEEDP3,August,Palmer Gilli,1994
01JNDQ8Q41ZM3VAZYDBVV925SB,Awakenings,Kean De-Ville,2014
01JNDQ8Q42SJGJPY74D1AH8KAF,"War Comes to America (Why We Fight, 7)",Sharona Yurinov,1996
01JNDQ8Q42Q66K0V20JFZSS6RY,Bungee Jumping of Their Own (Beonjijeompeureul hada),Phip Thay,2000
01JNDQ8Q4205RP7JKH00AAY6TF,Happy Tears,April Gero,2009
01JNDQ8Q4300ANT1C7Z5XNV867,Bad Girls Go To Hell,Mada Fielders,1994
01JNDQ8Q43P2W7PQKXNE9ZQZSE,Days of Thunder,Em Riggoll,2016
01JNDQ8Q443RFQRQ315FZ5CCE4,"Sucker, The (Corniaud, Le)",Millisent Fenton,2008
01JNDQ8Q44J1BNZMZM4JXJ1ERW,Anger Management,Thain McGrann,1990
01JNDQ8Q45PP58XB8EH7CARD9G,Return to Sender,Lyda McFaell,2009
01JNDQ8Q45F51XYNMBBG7F23AS,"Separation, A (Jodaeiye Nader az Simin)",Vinny Floyd,2013
01JNDQ8Q451V3S63VDZTA08VD8,Dragon Gate Inn (Dragon Inn) (Long men kezhan),Tony Caulcutt,1996
01JNDQ8Q46GBTAD642PZFW9MGW,Nom de code : Rose,Shayla Klosser,1993
01JNDQ8Q46A1D1P85VYWDT9ZTS,True Story,Donall Stogill,2013
01JNDQ8Q47Z5X6621HDW7R8X0Q,Jakob the Liar,Lani Barnaby,2017
01JNDQ8Q47PTTYB84K3VZKYE42,Princess Raccoon (Operetta tanuki goten),Leisha Andrault,2000
01JNDQ8Q47KDD7Y1H8PFSVQ0Q7,"Recruiter, The",Domenico Hoston,2004
01JNDQ8Q48S3X6R2480VNF4DJA,"Glass Menagerie, The",Jon Gudde,1993
01JNDQ8Q48BFZ25ZRCDKAC4ERD,Remington and the Curse of the Zombadings,Matty Wilding,1993
01JNDQ8Q49D5QWJGVPXCZBJYCC,Beyond All Boundaries,Lanette Zaczek,2008
01JNDQ8Q49P6RAG045EDPVGKA2,Vic+Flo Saw a Bear,Jillie Adaway,2011
01JNDQ8Q49N3A7QSDNTWP6JWM2,Carts of Darkness,Emelita Menego,2017
01JNDQ8Q4AJ9ZVV5VKX7RNRYPY,Gigi,Clovis Quinsee,2009
01JNDQ8Q4A9JH909AQHAGK8ZNX,Anywhere But Here,Henrik Streeten,1995
01JNDQ8Q4BEDR7G236GJSNZEZ6,By Dawn's Early Light,Laney Andriss,1998
01JNDQ8Q4BQDP14F3F9NAVMP06,"Adonis Factor, The",Sharline Labbey,2001
01JNDQ8Q4CKZ1XNDX015THXXJC,Shanghai Dreams (Qing hong),Brittni Arstall,1992
01JNDQ8Q4CQBQGXA8TB72ZP2E4,Castle Keep,Shaine Hagergham,1996
01JNDQ8Q4C1RWN06YWBXY86VTZ,"Mob, The",Farrah Cordes,2011
01JNDQ8Q4D44SW5ENP0QHK2CT1,Orders Signed in White,Christy Thomas,2012
01JNDQ8Q4DN60AHQ8279PQZKKG,"Love, Money, Love",Doug MacEnelly,2013
01JNDQ8Q4EH6BT2CKWDV46MNM8,Three Came Home,Winna Leadbitter,2011
01JNDQ8Q4E7ZZD5GVKEZJ8C0PB,"Pit and the Pendulum, The",Mora Snipe,2016
01JNDQ8Q4ER2DJDA72475ZXT9K,Somewhere Under the Broad Sky,Benita Deeth,2018
01JNDQ8Q4FWRKEQVYCG93MNS6S,"Undead, The",Fancy Sowle,2017
01JNDQ8Q4F3BT61MXMKKYXW00D,Singh Is Kinng,Bo Verheijden,2002
01JNDQ8Q4GRA5TPP3QFHNB8CVR,Mon Paradis - Der Winterpalast,Lamond Sporner,1991
01JNDQ8Q4G72D867B21SJ5TV4W,Legend of the Village Warriors (Bangrajan),Ephraim Itskovitz,2017
01JNDQ8Q4GG5PF9D1TN71RM6JT,Project Wild Thing,Court Bramwell,2016
01JNDQ8Q4H8FCYKX8MSTQ1M6MS,You Only Live Once,Florie Heigl,1997
01JNDQ8Q4H2592TET91X91KKAS,Deadline at Dawn,Sofie Rooze,2010
01JNDQ8Q4JRV0BR2WQ38HHDX96,Palestine Is Still the Issue,Maitilde Rouby,1998
01JNDQ8Q4J15DWFPWTQ06XQDGT,Peggy Sue Got Married,Florella Barthrup,1999
01JNDQ8Q4J6D9VM2Z76153EDZF,Night of the Running Man,Ferdinande Rochelle,2001
01JNDQ8Q4KAN20VSNQBDZ6KM1P,Mumford,Charlotta Sawer,2011
01JNDQ8Q4KDW4MQA1RFQ7ZS001,"Painting Sellers, The (Taulukauppiaat)",Sancho Abrashkov,2018
01JNDQ8Q4MXCKR9R5CYM6PXHWF,God Is Brazilian (Deus É Brasileiro),Elfie Billett,2010
01JNDQ8Q4MGJ3G4HFY9NEH11AM,Women of the Night (Yoru no onnatachi),Fransisco Wedmore,2017
01JNDQ8Q4MRXFYSEBCTPF85MXX,"Koumiko Mystery, The (Mystère Koumiko, Le)",Morna Syms,2001
01JNDQ8Q4N6VSS35RFGJDY8D56,Hands Over the City (Le mani sulla città),Doralynne Czapla,1994
01JNDQ8Q4N2RYHFXAEBYVKGTY1,Nasty Old People,Margret Thinn,2016
01JNDQ8Q4PT26ERFKJD72FY935,Heatstroke,Starlin Titt,2006
01JNDQ8Q4PZT5QN0R4HJZX11R2,Wetherby,Harmonie Whittet,1996
01JNDQ8Q4QJB9T2Z3YPDJ7ACEM,"Dead Hate the Living!, The",Rollin Lievesley,2011
01JNDQ8Q5EFZCBMQBS6YRW4FYE,Berserk: The Golden Age Arc 3 - Descent,Kaleena Seiler,1990
01JNDQ8Q5FSXN9V3C6880AAMX2,Jersey Girl,Nikolaus Duffus,2019
01JNDQ8Q5F1MEY3TNMC49B9JR3,The Mule,Ailina O'Heffernan,1990
01JNDQ8Q5G4PB005CTETRY4VD3,Yeh Jawaani Hai Deewani,Giffer Gillibrand,2004
01JNDQ8Q5GQ9N6X5W9911CSJEW,"Hills Have Eyes, The",Kris Rominov,1997
01JNDQ8Q5HQ5DFB4QAZEHWQXMC,"Lizard in a Woman's Skin, A (Lucertola con la pelle di donna, Una)",Lyn Burry,1995
01JNDQ8Q5H0F1VA48CZYC7QAH6,Broken City,Henka Cashen,1993
01JNDQ8Q5J0REXYRS39860ED4A,A Fugitive from the Past,Bess Lautie,1996
01JNDQ8Q5JB7SZMKREFE78W984,"Friends of Eddie Coyle, The",Ladonna Forrest,2008
01JNDQ8Q5JHEJTNRBDBGP9H9JV,"Abyss, The",Gene Linning,2002
01JNDQ8Q5KGRQK5NG93KXB88GV,"Vampire Bat, The",Camella Wooster,2012
01JNDQ8Q5KRFE2QF33JGPDA6VX,"You, the Living (Du levande)",Stanwood Zarfati,1999
01JNDQ8Q5MG7EQQNQQF7TXWQB9,Moon 44,Jillene Keri,2019
01JNDQ8Q5M8KKB1T1NP1ZAD5Y6,Ethan Frome,Vinny Pardie,2003
01JNDQ8Q5N6TXT3WXQGK6882DZ,"World Apart, A",Cheri McKew,2007
01JNDQ8Q5NWJJ3CN8RXEGZ6S9Y,"Cross: The Arthur Blessitt Story, The",Quinton Pask,1992
01JNDQ8Q5P2ECNKZ9GD7HC6AJ5,Red Eye,Marco Stribbling,1995
01JNDQ8Q5PP41AS24PXM97YGSA,Stealing a Nation,Sioux Luckie,1995
01JNDQ8Q5Q5VJ9VBBNK15VZ8H0,John Rabe,Saree Kupker,2018
01JNDQ8Q5Q36HRAJ1W2Z05NR3C,Bio-Dome,Virge Letherbury,2011
01JNDQ8Q5QRM4T1H2RYST2B4SS,"Son of the Sheik, The",Dwayne Hayers,2009
01JNDQ8Q5R6GYZBSD7JVG6D7B0,Star Maps,Russell Cowmeadow,2008
01JNDQ8Q5RQ7B99AVCF6P06S5W,Inadequate People (Neadekvatnye lyudi),Dania Titchmarsh,2015
01JNDQ8Q5S6RD2XMN69HKTJ2D1,Mao's Last Dancer,Dennis Cowton,2018
01JNDQ8Q5S8TQTWVESNFF5YMY1,Paths of Glory,Fancie Pearcey,1997
01JNDQ8Q5TP2KESC0CVH7SJGDZ,My Life in Ruins,Flossy Massard,2020
01JNDQ8Q5TG6CNP995XA0E10QZ,The Message,Richie Nayshe,2002
01JNDQ8Q5TEB978YFX9TV5E0SA,Fido,Clark Giffin,2006
01JNDQ8Q5V23J1H63HKNN8KFEP,Smokey and the Bandit,Lark Leatherbarrow,2003
01JNDQ8Q5VCQ36TPHGHXXV1W7E,Free Money,Gran Kulvear,1999
01JNDQ8Q5WCC9526VPR1NP4YMK,Rocco and His Brothers (Rocco e i suoi fratelli),Gideon Chadwin,2008
01JNDQ8Q5W6FY0D01MX9QVAYHY,A Merry Friggin' Christmas,Derrik Tolomei,1990
01JNDQ8Q5XFTQ0C414G8J4YQQT,Evelyn,Reinaldo Klaessen,2009
01JNDQ8Q5X2WGEF9BGVCA6H0KR,Super Hero Party Clown,Beth Tollit,2006
01JNDQ8Q5XC7K8AA0ZK42ZAGZ6,"Hitman, The",Alli Lodwick,1990
01JNDQ8Q5Y1S7KX2G63D66AFNV,Inequality for All,Alicea Hanretty,2006
01JNDQ8Q5YJ6Q27R030NHAWBEN,Scary or Die,Gabie Smithen,1992
01JNDQ8Q5Z63T7P7AYEXA9TQKG,Control,Brantley Sturge,2002
01JNDQ8Q5ZDGY5ANYVSB9P4CDV,Memories of Underdevelopment (Memorias del subdesarrollo),Sutton Mityashev,2012
01JNDQ8Q60BFHG56VY2C2WH1YQ,Not Another Teen Movie,Tremaine Lumley,1990
01JNDQ8Q60XSSQ7TQGZB02Q3Q9,Lost for Life,Adrienne Guilloux,2014
01JNDQ8Q61QENZEPM7HG50Q1AS,Master of the Flying Guillotine (Du bi quan wang da po xue di zi),Tirrell Bougen,2005
01JNDQ8Q61M53FMVCWHXTF6BTB,Proof,Tony Boulstridge,1994
01JNDQ8Q62SF0PKBP60Q8ESWM7,Ace Ventura: When Nature Calls,Dulsea Kealy,2012
01JNDQ8Q626CRY3BQTF468ZKK3,Broadway Idiot,August Tattoo,2010
01JNDQ8Q63BES1BGXTDGQW262X,Now or Never,Ardelle Salvador,2016
01JNDQ8Q63VPR1JNN4GFQX9RJN,"Last Minute, The",Roanna Sends,1991
01JNDQ8Q64EB0CVXVBFST5D9HK,"Star Is Born, A",Aurora Rapinett,1998
01JNDQ8Q64CWY6NXD37S0JSX6X,Wild Child,Candy Greatorex,2010
01JNDQ8Q658YJQM1QFDD893YGX,Hide-Out,Pail Middler,2015
01JNDQ8Q650YGXZ0N92VHA5X3K,"Godson, The",Demetre Kundt,2013
01JNDQ8Q65X8QK6CYK8W2CKN9T,"Mourning Forest, The (Mogari no mori)",Susie Bauer,2014
01JNDQ8Q666CY760XD9D5TD62R,Pretty Poison,Olga Brixey,2018
01JNDQ8Q66PVF4D3VQ62F0W428,Sunshine on Leith ,Allix Emes,2001
01JNDQ8Q67FY2ZKV496D87W1RY,"Acid House, The",Kaiser Sneller,2018
01JNDQ8Q67DZWA30BAPRGQJP5B,"Swan, The",Vlad Rainford,1999
01JNDQ8Q685SK21H7AJGHY8ACE,Anywhere But Here,Roana Harbin,2017
01JNDQ8Q6847QYXR9QR5J4DWAX,Carnosaur 3: Primal Species,Hodge Bernardon,2001
01JNDQ8Q687MW5PQRJXS0EVYXW,Saving God,Thibaut MacVaugh,1998
01JNDQ8Q69M8TZV1BPK601BMYH,"Inconvenient Tax, An",Thia Wohler,1997
01JNDQ8Q69T4KWT0V2PJ1ZQF0Q,Hotel,Buffy Tomaskunas,2012
01JNDQ8Q6A3MVYFFE1SE3BBGZN,"Marriage Circle, The",Stephannie Seamans,1993
01JNDQ8Q6AMXJ1NBG16XX8CMC9,Ben-Hur,Brook Grabert,2005
01JNDQ8Q6BJ05QV0QX6T4WTT5Z,"Pont du Nord, Le",Lemmy Whyman,1995
01JNDQ8Q6BA58QW180EJH63KBC,Return to Peyton Place,Belicia Caulier,1993
01JNDQ8Q6CTPTXBHV36AX4RABX,"Great Dictator, The",Vivia MacCarrick,2007
01JNDQ8Q6C2B5H07ZNYQ401GCE,Elsewhere,Armando Eldershaw,1991
01JNDQ8Q6D77YX7H32K6AMPNXE,Kalevala - Uusi aika,Hyacinthia Ottee,2010
01JNDQ8Q6DZSNHJ4DWZSVSNR6V,Johnny Express,Kirsti Trump,2018
01JNDQ8Q6EXJ5KGSKRNCDX9W63,Brothers,Giacobo Rehor,2000
01JNDQ8Q6EHPCSJVZFW6XGYW9N,Shine a Light,Kelly Masson,2020
01JNDQ8Q6ECPT31Y07E8ZW3QSB,Ed Hardy: Tattoo the World ,Devina Kielty,1991
01JNDQ8Q6FJTA2D4EGDGGWTJ79,Paranormal Activity 2,Sawyere Blundon,1999
01JNDQ8Q6F20YR7RRRRBPYP5H5,Sneakers,Denni Davidowich,1999
01JNDQ8Q6GMVBQDDXVJ3HFZCE7,"Locals, The",Reta Coupar,1998
01JNDQ8Q6GWBJ0FR75YBSCJT9S,Topaze,Quent Goghin,2020
01JNDQ8Q6HV8RZVQNYWNJFQ9MM,Happiness Never Comes Alone (Un bonheur n'arrive jamais seul),Ardeen Duce,1992
01JNDQ8Q6HQESW3YRSPAQAR4CP,Islands in the Stream,Wally Moss,1996
01JNDQ8Q6J7GQFC7X0BDA2PTX9,Mobsters,Reggie Farens,2009
01JNDQ8Q6J7R1PZYXDHQSQKZBC,"Hip Hop Witch, Da",Ethyl Jorgensen,1996
01JNDQ8Q6J7P7BHBFBJ0QJGZVG,Get on Up,Eda Besant,1995
01JNDQ8Q6K69EW1MQ1VQHCTXGS,Reprise,Kliment Uebel,1997
01JNDQ8Q6KX3SVX72ARGXQTXF0,"Last Kiss, The",Danie Coddrington,1992
01JNDQ8Q6MN6096H9HAAT3DMMA,"Lord, Save Us from Your Followers",Nolly Welbrock,1997
01JNDQ8Q6MANG9VA24TDJ55GPT,Kicked in the Head,Byran Greenway,2020
01JNDQ8Q6N7XZMQBZ8PR44J58D,Maps to the Stars,Clay Crosgrove,1995
01JNDQ8Q6NY6R0679WZNTJ75FC,Begone Dull Care,Nataline Vasilik,2020
01JNDQ8Q6NAAJ6X6SBZWYGJE26,"Warrior, The",Pam Napleton,2012
01JNDQ8Q6PV9WBZKDAPC7W31PK,I.O.U.S.A. (a.k.a. IOUSA),Ursuline Baude,1990
01JNDQ8Q6P2SJPKWJH0NBPSXYD,Sleepless in Seattle,Elfrieda Blasdale,2011
01JNDQ8Q6Q8MVX4QRBZG5ZD6XP,Grayeagle,Gayla Tellenbroker,2004
01JNDQ8Q6Q9AZ9N1WMMZ44FQ02,Heaven Help Us,Dael Eltun,1998
01JNDQ8Q6RAWMBJM853MEMM4YC,"Not Quite Hollywood: The Wild, Untold Story of Ozploitation!",Felix Tether,2015
01JNDQ8Q6RQZH10GT4298CA0QJ,Ruthless People,Cindelyn Attarge,2003
01JNDQ8Q6R8QQW1TVZ967KPNJH,The Lost Continent,Tim Shuker,2017
01JNDQ8Q6S8G7SBB2XV3T8B6SG,"Stupids, The",Reynard Janoschek,1991
01JNDQ8Q6SARCDSZ9XGTTD7GXC,"Animatrix, The",Eliza Redish,2006
01JNDQ8Q6TNTPRSY77QJV67XPF,"Pointe-Courte, La",Ken Howse,2015
01JNDQ8Q6TH0BX4KR6KZA5CVZ6,Trio,Steven Simonds,2019
01JNDQ8Q6VNP6CVFCTMNA1KK0Q,Ghost in the Machine (a.k.a. Deadly Terror),Pen Topes,2000
01JNDQ8Q6V0A69MT6WZHWPVQ5G,"English Teacher, The",Hanson Wooddisse,1990
01JNDQ8Q6WGW0FVHX8GDZTX8K8,Children of the Corn III,Cherise Bartles,1994
01JNDQ8Q6WXT92MAJDTYBYYPFY,Sunshine,Kamillah Ulyatt,2006
01JNDQ8Q6X42Z6Z4GHE2VAZA8K,Pornography (Pornografia),Phaedra Palomba,2003
01JNDQ8Q6X8JF2828VNAN6EH37,Seven Ways from Sundown,Diandra Conlon,2005
01JNDQ8Q6YXP78AMXKW1KCHFSV,"One Percent, The",Quinlan Lynam,1995
01JNDQ8Q6YQQ0QQMZKFWRZ5NFE,Charlie Countryman,Brittney Taffie,2010
01JNDQ8Q6ZBCX672JMB8F6Y0HH,Point Break,Gram Enderlein,1996
01JNDQ8Q6Z3AGTNR8ZGMWPW9ZK,Hellraiser,Pooh Brownsea,1992
01JNDQ8Q70VXF4YZBSGBH7AEEA,In Time,Lorraine Baxter,1999
01JNDQ8Q707VYGMRSGF3WTGW70,"Wind and the Lion, The",Skipp Fittes,1997
01JNDQ8Q70TTYM7ZFEJGFQCBRD,"Night, The (Notte, La)",Fonz Fearon,1996
01JNDQ8Q710PWFRDMSGMEV0WJG,American Violet,Decca Gamlen,2005
01JNDQ8Q713CH1YRMQW6FK4E96,Waiting for Happiness (Heremakono),Ozzie McAline,1996
01JNDQ8Q72HMHX8MK8WE4MZBP5,Over Your Dead Body,Desi Bertwistle,2001
01JNDQ8Q72BVBJG050K3T603QC,"Hunting Party, The",Ingeberg Duxbury,2003
01JNDQ8Q730PWJRM5SHV1VGCZ7,Palermo Shooting,Ruthanne Paddick,2014
01JNDQ8Q73YA4C4RG72H3E0F8H,Four Nights of a Dreamer (Quatre nuits d'un rêveur),Patricia Mudge,1990
01JNDQ8Q74EV2HGSASXN45FRWP,Mike Tyson:  Undisputed Truth,Farrand Monckman,1992
01JNDQ8Q74E093ZHHQYQA3WPKZ,Toast,Alika Cicchinelli,2000
01JNDQ8Q74ZWN541F7T1WQE752,Little Women,Edgar Cavozzi,2020
01JNDQ8Q75SSCDGM8R9H7GDMXX,Casanova '70,Eugenio Ather,1991
01JNDQ8Q759V42HJX7Q4TPZ2YA,"Rickshaw Man, The (Muhomatsu no issho)",Patty Franzen,1992
01JNDQ8Q76KGYBV00VJXD7CSVT,Charles Bradley: Soul of America,Dukey Van der Brugge,1997
01JNDQ8Q76BA4HD29DP5J7P2KV,Lookin' to Get Out,Jasmin Avison,2007
01JNDQ8Q772A128R4KQZJXX6XH,Brass Monkey,Roland Burgane,1999
01JNDQ8Q772B57DV3745KDCTMP,Romeo and Juliet,Doreen Saich,1992
01JNDQ8Q77N3JZ7WE38Q8RZNY8,Shatter Dead,Caria Bischop,2003
01JNDQ8Q784JTRKHEH3PW31V8N,To Be and to Have (Être et avoir),Westleigh Sigsworth,2017
01JNDQ8Q78K0ZW9HYSK70497BM,"Fixer, The",Deny Leither,2016
01JNDQ8Q79XGWQW96ZQ42ACM3M,Kill for Me,Del Avo,2013
01JNDQ8Q79R7MWM7QJNC54P5TJ,Storytelling,Linn Jaques,2006
01JNDQ8Q7AAJEBCED8SG78Q9TZ,"Alley Cats, The",Brandon Kunert,2000
01JNDQ8Q7AJSMBF6GVKWPGTPS7,Fireworks (Hana-bi),Delphine Tchaikovsky,1991
01JNDQ8Q7ATC6JDTKQHRY8QR5M,Just Friends,Joli Peploe,1992
01JNDQ8Q7BANKGSYJ8MXFKAMHJ,Executive Target,Donalt Yukhnev,2009
01JNDQ8Q7CES76WYPNDEMY9P4G,Kronos,Elspeth Joost,1992
01JNDQ8Q7C369FRQDZWYXD542X,Good Vibrations,Tanner Moulson,1997
01JNDQ8Q7CRGQRQMY6NSPQ0YGC,"Deaths of Ian Stone, The",Dyan Sambell,2004
01JNDQ8Q7D3BTXYYCSD921RDH8,Brainscan,Mitchael Rimington,2002
01JNDQ8Q7D5S19M4QKM839CJ5H,Richie Rich,Dody Swinburn,1992
01JNDQ8Q7EB3ZJ6VWPV305N6Z7,Super Fly (Superfly),Daron Shiel,2010
01JNDQ8Q7E4JYTQ2P2PKTJ76MF,Liverpool,Myrah Wyllie,1991
01JNDQ8Q7GX1N0SQYB5SNZWYW9,Payment Deferred,Modestine Sprules,2010
01JNDQ8Q7HR8VCQ9VDS3TZNAEX,"Quiller Memorandum, The",Tawsha Eacle,1993
01JNDQ8Q7JFC5VD220XZB61F9T,Besieged (a.k.a. L' Assedio),Elie Calender,1999
01JNDQ8Q7JYGE8M2FJA4B0JDA8,Pilgrimage,Esme Grimmer,2008
01JNDQ8Q7JDAYQFCPP7W0Y6QTD,Your Friend the Rat,Krishna Gunstone,2007
01JNDQ8Q7K9NBR2RHR5YKZGXQ3,The Kick,Willy Novichenko,2016
01JNDQ8Q7KMJCHE9B9X1FCE10G,Invisible Invaders,Beth Keyes,1996
01JNDQ8Q7MHR5AYZRWM8G6MR74,"Ugly Duckling and Me!, The",Christie Camel,2015
01JNDQ8Q7NV1ZHA533VG8F170K,Envy (Kiskanmak),Isadore Workes,2010
01JNDQ8Q7NEEY2G5WPH6GXDG03,"Ciao, Professore! (Io speriamo che me la cavo)",Nariko MacMorland,2020
01JNDQ8Q7P8PMN2RVY5FFZVSBN,In Love and War,Regine Coate,2012
01JNDQ8Q7PGZK6EZVPTSFA73EF,Attraction,Sheba Jeske,2010
01JNDQ8Q7Q1T8T1M2AYG0H5WJG,Strip-tease,Felicdad Aldhouse,2004
01JNDQ8Q7Q3P80RFZEJNHQX7SY,Tampopo,Buddy Corroyer,2017
01JNDQ8Q7RQPRZCQFEFV6T3KQB,Basic Instinct 2,Truman Cota,2017
01JNDQ8Q7RJ0ABTKC2YTSXW0J4,The Fourth War,Garald Strete,1990
01JNDQ8Q7R66WVKHB0PY98RJJS,"Enforcer, The",Ashlie Bengle,2006
01JNDQ8Q7SVDYRJ8HE1GAFBDQC,Amer,Derrik Privett,2016
01JNDQ8Q7ST2X1ZW06RJEMA9SD,One Nation Under God ,Regina Maddinon,2019
01JNDQ8Q7TY0CDD74BHJ9GB0CM,"Chronicles of Narnia: The Lion, the Witch and the Wardrobe, The",Giulia Steart,1991
01JNDQ8Q7TERPM1STBZCSCJY0J,Crazy in Alabama,Cinnamon Petric,1996
01JNDQ8Q7T9V4GC75HVBXV85MP,"Hour of the Furnaces, The (Hora de los hornos, La)",Rufus Cammocke,2002
01JNDQ8Q7VQJZ120MFSETATJ3K,Hanussen,Weidar Lawling,2014
01JNDQ8Q7VK31CXZSPST4XJS3P,Something's Gonna Live,Andee Semered,2019
01JNDQ8Q7W8PJZ87K6G6Z5B57Q,"Breed Apart, A",Katharina Franzman,2001
01JNDQ8Q7W1VDVZA058J2BYNE3,8 Women,Theadora Teeney,1992
01JNDQ8Q7XSC8MAF5C4M1V656K,"Deathmaker, The (Totmacher, Der)",Tonya Camili,2010
01JNDQ8Q7XH3GBSYN3TCE5YKAV,Veronica Guerin,Darice McCrackan,2008
01JNDQ8Q7YPM139HNZBHJ3TMX6,100 Rifles,Cthrine Heffernan,2002
01JNDQ8Q7YRB1F8HCR31NS2HP0,Down Twisted,Kessiah Twizell,1999
01JNDQ8Q7ZRQXNCBAG2H56BW0V,Anzio,Christi Workes,2012
01JNDQ8Q7ZT78NM777ZP9E85ND,Accident on Hill Road,Bekki Simoncini,2007
01JNDQ8Q80W5ESSR1JWWPE115A,Rich in Love,Packston Pittel,1995
01JNDQ8Q81AF4NXFZSG9KEC9S4,Wild Hearts Can't Be Broken,Lalo Meecher,2008
01JNDQ8Q81THQR0S5ZQ1B8E6VF,Step Up,Emelita Gindghill,2003
01JNDQ8Q82T5FM477XDN8DJKKC,Spirit: Stallion of the Cimarron,Sam Lamas,2014
01JNDQ8Q82H1XTQK1ETW1F6DYT,Butterfield 8,Hanan Mouland,2009
01JNDQ8Q833F0RP7VPND9W4VW0,"Great Ecstasy of Robert Carmichael, The",Elwood Dunican,1996
01JNDQ8Q83GHYEFZ0ECD823XCG,Tampopo,Wilona Sutherington,1995
01JNDQ8Q840RAGWRGCNTMAR8EW,Breezy,Lyda Tinklin,1992
01JNDQ8Q84P5VQ2PBZ7CT0BMJW,Massacre at Central High,Diahann Maddox,1995
01JNDQ8Q84BSPMQM77ZMM6XYY1,Whatever Works,Claudio Segot,1997
01JNDQ8Q85M8WPRBE7KEN7MANN,"Henry IV, Part I (First Part of King Henry the Fourth, with the Life and Death of Henry Surnamed Hotspur, The)",Damiano Oxborrow,1993
01JNDQ8Q85YDGXEG01DY21J4TQ,"Monsters, Inc.",Nikoletta Flecknoe,2008
01JNDQ8Q86AGDNRF6A4Y82RA2P,Life as We Know It,Minette Wearne,2015
01JNDQ8Q86T0TPYFHKGW397R4C,Air America,Vincenz Aulds,1991
01JNDQ8Q87105XVWYFVJSQE3GD,"Lower Depths, The (Donzoko)",Barbey Toplin,2014
01JNDQ8Q87TSFF9V1KQFAGW0QQ,Restless (Uro),Bethina Sheere,2013
01JNDQ8Q88F4QZNS9PHCG8EGRY,Dark Shadows,Niki Sumbler,2002
01JNDQ8Q889HK7X34H296V6EEE,"Devil Wears Prada, The",Jake Beininck,2019
01JNDQ8Q880BPRPANJ2JQ0VGP6,What Dreams May Come,Crista Corrett,2013
01JNDQ8Q89PDK767Z253N63WFB,"20,000 Years in Sing Sing",Nanny MacClure,1991
01JNDQ8Q89DRSZ1H6B3QX6ZNRW,Buud Yam,Ysabel Slocom,2003
01JNDQ8Q8AX9Y2RVV5YH0KZT1J,Straight from the Heart,Gene Kerner,2020
01JNDQ8Q8AHBZHV0G5WF9K53C7,"Stone Left Unturned, A (Kovat miehet)",Jaime Pritchitt,1996
01JNDQ8Q8BYR1K650RWSE98J16,Cane Toads: The Conquest,Barbette Skill,2012
01JNDQ8Q8BTMA91XVN1JRXVX3H,Burn Notice: The Fall of Sam Axe,Ennis Crosen,2020
01JNDQ8Q8CYE4SB3XXJ9VW1DKC,Jim Jefferies: I Swear to God,Beale Garz,1995
01JNDQ8Q8CMQ4G8TK8NJKTG9YD,Angela's Ashes,Misha Mc Elory,1990
01JNDQ8Q8C6W84632KV78HTWWB,Leviathan,Fabiano Whitlam,2006
01JNDQ8Q8DXRFGG57C6HPVVAJ5,Outlaw Blues,Annabella Corsan,2006
01JNDQ8Q8D9TM94MT22C27RS4G,OMG Oh My God!,Virgina Yendle,1995
01JNDQ8Q8ER6JG1TCJH359V40G,National Lampoon's Van Wilder: The Rise of Taj,Lodovico Tames,2014
01JNDQ8Q8EXMVXFNNY0M5PFZB0,"Silent Night, Deadly Night 5: The Toy Maker",Karalee Binley,2016
01JNDQ8Q8FED9C9BZ346ZN3ZHV,"Study in Choreography for Camera, A",Malinde O'Shaughnessy,1993
01JNDQ8Q8FRPYWBW5B5A7T2AJH,"Magdalene Sisters, The",Casi Pringer,2009
01JNDQ8Q8GVVFMBMP6P665A62Z,Ingeborg Holm,Josee Duxbury,1998
01JNDQ8Q8G1Y954FG81PT25ZC8,Fort McCoy,Anderson Drayn,1994
01JNDQ8Q8GQSJN9MNAZB8WFNQG,Head Office,Sloane Earp,1993
01JNDQ8Q8H70MK49H02D53XJXE,Magic in the Water,Dolph Sesons,2017
01JNDQ8Q8HZB24W3DHS8J7DCMR,2 Days in the Valley,Lettie Advani,2013
01JNDQ8Q8JY61F4BBWV2WZZ6AR,Calamity Jane,Brocky Goldsack,2006
01JNDQ8Q8JKZW3X49ANX8WBC3V,Everybody Wins,Sargent Cushion,2014
01JNDQ8Q8K8ZJWBNCZCXTV3A6T,Continental Divide,Barrie Schuler,1995
01JNDQ8Q8KF15VSWYB5RGZC3K4,"Bannen Way, The",Anett Baggally,2019
01JNDQ8Q8KEY27B167HA7X9SJ1,"Batman/Superman Movie, The",Jeanna Claricoates,1998
01JNDQ8Q8M1W52W2WVB9QC9FSN,Sharpe's Gold,Nita de Amaya,2011
01JNDQ8Q8MNYXFK1N5NJK33W8H,Tokyo Joe,Beatrisa Tidgewell,1992
01JNDQ8Q8NCN81WW2YG5DWXJ3R,Ivans xtc.,Donnie Franks,1997
01JNDQ8Q8N0H02DJWVR1SJRPQ5,Three-Step Dance,Willi Adamo,1994
01JNDQ8Q8PMFKS9CQPCWR1JMPA,The Rise,Lucille Lambrechts,2019
01JNDQ8Q8PXWJRN0559KF8G6PX,To Die For,Ferdinanda Cockshott,1992
01JNDQ8Q8Q1B3V9FR4XARZRDZF,Demonlover,Dora Darville,1996
01JNDQ8Q8QEEYSMV4RZQ28ZXJZ,180° South (180 Degrees South) (180° South: Conquerors of the Useless),Casandra Hegge,1992
01JNDQ8Q8RJ7KE618APEVB2X7W,Johnny Express,Albertine Archbould,1992
01JNDQ8Q8RS3DJYWE35K8WDWQ8,"White Darkness, The",Hadrian MacTeggart,1992
01JNDQ8Q8R5Y5VET94ZJ1XPHBK,"Lacemaker, The (Dentellière, La)",Heida Aartsen,2007
01JNDQ8Q8SWHV48VEA5TX8SP8R,Twenty Days Without War (Dvadtsat dney bez voyny),Bettine Velez,2018
01JNDQ8Q8S97NQ0TE1P2DJE9EB,Gagarin: First in Space,Trumann Grigoli,2010
01JNDQ8Q8TDZTKQ11VE64S5BJ4,Mamitas,Cilka Coger,2009
01JNDQ8Q8TA5M03VR0KJAMHEHF,River Queen,Valentin Petegre,2014
01JNDQ8Q8VY1WYNSN56SAGERTP,Bad Company,Trixi Kenafaque,2017
01JNDQ8Q8V9RFDJXANKHVTJ90Z,Someday This Pain Will Be Useful to You,Mitchel Fould,2019
01JNDQ8Q8W04G2VNQS8ZH4395M,Who's Harry Crumb?,Pauly Eplett,2003
01JNDQ8Q8WV8MMDCRP8G476QPA,Immediate Family,Valeda Onge,2010
01JNDQ8Q8WHCCVQP1FQP2GB7AM,"Breed, The",Sybila Stritton,1994
01JNDQ8Q8X1K3YM2DVAPCD43Y6,No Time for Love,Temp Marder,1995
01JNDQ8Q8Y1MMH5PXKS2CBBSYB,Nuts,Martha Bernot,2014
01JNDQ8Q8Z8G4BCAN63KS7BX2C,Elvis,Quincy Plewman,2010
01JNDQ8Q8Z1K5AHR8057EAYTGR,"Great Train Robbery, The (a.k.a. First Great Train Robbery, The)",Wilma Beams,1999
01JNDQ8Q8Z5N3EBHD57G38BAHB,"Yank in the R.A.F., A",Artie Collisson,2007
01JNDQ8Q901DXRFF275MSVY90W,Starship Invasions,Bess Danielian,1999
01JNDQ8Q90M1ZMCQTXTMNA0V9Z,The Beales of Grey Gardens,Miof mela Empleton,2016
01JNDQ8Q919C2YQ5CAN02FFF25,"Last Will of Dr. Mabuse, The (Testament du Dr. Mabuse, Le)",Charla Jouannisson,1999
01JNDQ8Q9169EHNZP2E43VHZK8,Feast III: The Happy Finish,Katine Girardini,1995
01JNDQ8Q92KXWSE72MX0RKYC63,Deathstalker,Marlo Cone,2017
01JNDQ8Q92M9YB9C6QVW0KTQKX,Jawbreaker,Darice Tort,1993
01JNDQ8Q92YFCMWQN1WS32SCTQ,Objectified,Sherrie Bourthoumieux,2018
01JNDQ8Q93QMENJQ8WY9PP77F7,Dark Horse,Etty Valeri,2001
01JNDQ8Q9314V1CG8890TZ3TG6,"Ghostmaker, The (Box of Shadows)",Cory Mellsop,2016
01JNDQ8Q94N2YYZ87H1CJS9ZAT,The Lone Ranger,Gaye Cramp,1999
01JNDQ8Q94GQSRFXJTH3DEBHSB,Madam Satan,Reinwald Nelmes,2000
01JNDQ8Q950WGW4KRW2FJGDGBM,Broken Vessels,Jeane Clohessy,1994
01JNDQ8Q95YCEJTWDRP3J4BNBS,Dogs in Space,Rory Navarre,2002
01JNDQ8Q9512BA39JK64XGVYZJ,O'Horten,Robert Ormistone,2003
01JNDQ8Q96WDHNSW28JX5GY18S,"Seven-Per-Cent Solution, The",Alberik Shann,2005
01JNDQ8Q96F2RCD51PHW0ZKJYZ,"Return of the Pink Panther, The",Chrysler Hannaway,1990
01JNDQ8Q97FBZ9BX50HM14K7WQ,Charlie Chan in Reno,Feliks Deam,1992
01JNDQ8Q97FQWT0S1MQEWY9WFS,And Now the Screaming Starts!,Filippa Inold,2015
01JNDQ8Q9872ADRB0MK0KNNWBR,The Big Cube,Lyndsie Cavee,2003
01JNDQ8Q98V64E5ER664TF1FMC,Best Friends,Mikel Vayne,1994
01JNDQ8Q98AHEH0ECK1FZRN5QE,"Bear, The (Ours, L')",Coraline Burrow,2019
01JNDQ8Q99M2NX8JZJPF305HQ9,Emerald Cowboy,Delila Vallow,2016
01JNDQ8Q9924Q3FHAD5TY897WG,Afterwards,Abeu Shaplin,2016
01JNDQ8Q9A5MV2G1KZ4YVZS688,Shoah,Marlo Yoodall,2018
01JNDQ8Q9AYJWCPTRPK6MQDCTW,Tarzan Escapes,Rusty Stead,1995
01JNDQ8Q9A1XBV6BA2DE6D7CWQ,"Kidnapping, Caucasian Style (Kavkazskaya plennitsa)",Janean Bovey,1999
01JNDQ8Q9BBW9AEP36GATPRX4P,"Other Voices, Other Rooms",Isa Smartman,2007
01JNDQ8Q9B9JPKWX1MNJKWTSVG,Apostle Peter and The Last Supper,Briny Tearney,2001
01JNDQ8Q9CJ0Z0P1WMJTCCYJMZ,I'm Starting From Three (Ricomincio da Tre),Clementius Peacher,2020
01JNDQ8Q9C2VKSYSNRPRY8D62H,Springfield Rifle,Consuelo Seargeant,2010
01JNDQ8Q9DF4B66QCAACE0K346,Death Defying Acts,Joseito Ephson,2014
01JNDQ8Q9DVWZYA9T3NJPXV94Z,The Savior,Jocelin Burnsyde,1996
01JNDQ8Q9D1G5BRXPRN1EEEQ7V,Flower & Garnet,Rosabelle Ellice,2004
01JNDQ8Q9E192G9S82A33W5DMP,Management,Hardy Andreaccio,1996
01JNDQ8Q9E0TCAM6KZBEA8X6YR,Romancing the Stone,Belicia Dmiterko,1998
01JNDQ8Q9FTAXBAJPVMMSPVRZ4,In the Line of Fire,Tonie Pipkin,1994
01JNDQ8Q9FVRP1CDPEKKFWQQM0,Plankton,Bianka Fewtrell,2020
01JNDQ8Q9GN26HBNEYZ7TBK662,Abbott and Costello Meet the Keystone Kops,Olenolin Sokill,2003
01JNDQ8Q9GANKHASXV3BVJV5VQ,Cartoon All-Stars to the Rescue,Madeline Hampson,2002
01JNDQ8Q9H0K561QY9S09XV0Z4,Evangelion: 3.0 You Can (Not) Redo,Bary Frunks,1991
01JNDQ8Q9HR6T5PDN0Y3PGHRN6,The Beautiful Story,Dennison Millions,1998
01JNDQ8Q9H291VMSYQEPZ2KCEM,Star of Midnight,Dianemarie Stanyforth,2019
01JNDQ8Q9JZVNH61TS6SDDHTSV,Stavisky...,Lulita Stollenbecker,2009
01JNDQ8Q9JCNZ32R3WY6Q6AQ8C,"Servant, The",Pablo Brailey,2011
01JNDQ8Q9KV6M9FB3ZHZ8ZB37T,Love in Bloom,Ambros Tuttle,2012
01JNDQ8Q9KKMZ6NT2HSE9FHHN3,Force Majeure (Turist),Helen Perham,1998
01JNDQ8Q9MQDKC2Z6F4YN71GB7,"Jacket, The",Godard Strete,2006
01JNDQ8Q9MX9YKHAR5ES0D7DTN,Chapter Two,Giacinta Bartkowiak,1994
01JNDQ8Q9NDEYD619JV77J64SN,Mr. Jones,Alyda Lafayette,1998
01JNDQ8Q9NBFYVHY3FKGGS446M,Polytechnique,Ichabod Pilgrim,1995
01JNDQ8Q9NBM7K2ABCNBAWMVEP,Different from the Others (Anders als die Andern),Corbin Fearneley,2004
01JNDQ8Q9PDKB1BY14T0HRC0M1,Malone,Nathalie Ratnege,2011
01JNDQ8Q9P5REJWQBHAVQ1HJBT,"Danube Exodus, The",Derron Dener,1990
01JNDQ8Q9QZ00DM4AMRFMDJP4X,Freeway,Ogden Loveridge,1995
01JNDQ8Q9QS3QKPB371J507W74,Forgetting the Girl,Emmeline Maylor,2014
01JNDQ8Q9R81MCSYM43AA4JN6E,"Irene, Go Home! (Irena do domu!)",Isabeau Whitehead,2004
01JNDQ8Q9RHCZ0S0EJ2BNHZP6H,Guess Who's Coming to Dinner,Jerald Rebillard,2002
01JNDQ8Q9RSMRHMSV2JA20WC82,One Wonderful Sunday (Subarashiki nichiyobi),Lian Hamflett,2015
01JNDQ8Q9SYQK45934CPXRH4Z6,Stories We Tell,Rebeka Ifill,2004
01JNDQ8Q9SA4V9NV8F45TGSS3N,Cake,Hyacinth Graddon,1998
01JNDQ8Q9TZ0VCKDHY2P4WB254,Love & Human Remains,Barnie Millership,1991
01JNDQ8Q9TYDZSFRFPGV8Z76BX,No,Tracee O'Sesnane,2002
01JNDQ8Q9VBTW3VHRM6V1YW60T,Morgan!,Bibby Dowdeswell,1994
01JNDQ8Q9V0PMP2SVDSD183HT4,The Testimony,Olga Prigmore,2002
01JNDQ8Q9WXMCRRS5MN68QP2P3,"Truth About Love, The",Vanessa Tattam,1998
01JNDQ8Q9W3FGCVP34S5QYS2KG,"Above the Street, Below the Water (Over gaden under vandet)",Stuart Shevelin,2004
01JNDQ8Q9WEDVAZBTSZ9GT7NM2,"Lonely Man, The",Lamar Cloughton,2004
01JNDQ8Q9X1N4GJDA2JG4XJ02Q,Jay Mohr: Funny for a Girl,Nancy Elcoat,1997
01JNDQ8Q9XNHQ5HYA7J2QTHRQX,"Magic Flute, The (Trollflöjten)",Hannie Minto,2018
01JNDQ8Q9Y2ZB8WP4YARRF2D8S,"Loveless, The (Breakdown)",Amargo Alenikov,2003
01JNDQ8Q9YFN0AHWPBJ0316710,"April Fools, The",Ashton Jindra,2018
01JNDQ8Q9Z75PZE2E4GADGFEN0,Khumba,Donnie Joron,2014
01JNDQ8Q9ZQVSR46KBY9HBVGFC,Looking for Cheyenne (Oublier Cheyenne),Sayers Naylor,2018
01JNDQ8Q9ZG1KBE47JBX3Y2Y5X,The Skinny,Melicent Haken,2012
01JNDQ8QA0GX043ZADBPB8BYYE,Unexpected,Alyce Jacmar,1999
01JNDQ8QA0C0VVFY0WBY8PJ2R2,Cocktail,Kerby Laverack,2005
01JNDQ8QA1JFHT4M0YWKAXE9K0,Hall Pass,Mattias Asipenko,2001
01JNDQ8QA189XSX8S4E0YV6QCB,"Pretty One, The",Beitris Alp,2004
01JNDQ8QA2G3G69A6ZKTDGFWTR,Attack of the 50 Foot Woman,Philip Courtman,2018
01JNDQ8QA2844HEG7H9Y8VM4JA,Frownland,Marietta Mannering,2020
01JNDQ8QA2M2WF9HVHT1TC5K40,Don't Drink the Water,Rowe Bunker,2005
01JNDQ8QA3NJ0REE2KNB9M00SY,Menace II Society,Culver Vallerine,1992
01JNDQ8QA3VQWFE6CXVFAXGGCH,Mysteries of Lisbon (Mistérios de Lisboa),Lamont Union,2005
01JNDQ8QA4ZTMHH0PRSJ5XDA21,EuroTrip,Anatollo Zorro,1997
01JNDQ8QA5186Z7B8CHAYCKM77,Lunch Break,Elwin Brecknell,2013
01JNDQ8QA5RHSDW5Y0404EZMNC,"Swan Princess, The",Danyelle Cartin,2008
01JNDQ8QA61QRAB5YG5F764V0Y,Lost in the Desert,Ambrose Seeborne,2013
01JNDQ8QA61X149NPMGDG7DT85,"Horse Soldiers, The",Mozes Gurry,2015
01JNDQ8QA642SV0S827MP770MG,Rich and Famous,Leanor Roistone,1993
01JNDQ8QA7VJDFYZFZYASSBJ8M,Charlie Chan in Egypt,Norrie Reardon,2008
01JNDQ8QA7VY32GAHQTCMV5QY5,La cravate,Jedediah Dyzart,2018
01JNDQ8QA8MRWQ5QD986CWB2HZ,Ponette,Jackelyn Grimmett,1995
01JNDQ8QA894FS6FTW3D4DXK2Z,Santa Claus Is a Stinker (Le Père Noël est une ordure),Torrence Tompsett,1998
01JNDQ8QA92S7C76BZQG7570WB,Pirates of the Caribbean: The Curse of the Black Pearl,Fey Lapwood,2020
01JNDQ8QA9Y2KCV6RNAAHEG3S0,The Gambler,Jimmy Cluley,2000
01JNDQ8QAA83AHMBXK6MQ63AN2,Ripe,Ozzie Antonsson,1996
01JNDQ8QAA1V3CM9MSXRAVP7YX,Fingersmith,Katee Sherrocks,1997
01JNDQ8QAAXT374CRTDHATSWGQ,Emmanuelle 2,Dorthy Rudeforth,2008
01JNDQ8QABX4VJ93H7D489RPS6,Happy Weekend,Ingaberg O'Hallihane,2009
01JNDQ8QAB10EE2RSQBXB7P3HN,Face of a Fugitive,Jenilee Hetterich,2016
01JNDQ8QACMHD9DF4VZN40X80P,Felicity,Raviv Keely,2008
01JNDQ8QACKKGRV9F0VPF3B3SG,"Reflecting Skin, The",Judd Rojel,1992
01JNDQ8QADJJCVH6R5S9KXJARH,Unrated II: Scary as Hell,Mirabella Hevner,2001
01JNDQ8QADV75A6M4C0VYT5NEX,Bob the Butler,Darrell McQuirter,2017
01JNDQ8QADD08NDPF8HR5N3BPZ,"Swades: We, the People (Our Country)",Goldarina Yateman,1994
01JNDQ8QAENQ8563B62XSDM4QC,Just My Luck,Orland Wasiel,1992
01JNDQ8QAEX61HPBF0N2T8GHPK,Cherrybomb,Sanderson Fink,2008
01JNDQ8QAFQN706BV6HZF49S4F,Thérèse,Debra Norree,2006
01JNDQ8QAFY0NNFCVVNHHETYV3,Formosa Betrayed,Bridget Fautley,2006
01JNDQ8QAG02EEEVHFMWPZEXKS,After You (Après vous...),Bruis Draper,1996
01JNDQ8QAG8A2V0QFKE3TC5ZTY,Suzy,Marcia Bellison,2015
01JNDQ8QAH8597ZAFDRRJRRQEC,John Wick,Aurora Ferrieri,2008
01JNDQ8QAHP5HGW2KK75J1RA8X,"Mother and the Whore, The (Maman et la putain, La)",Gay Brownsword,1993
01JNDQ8QAH9RZTKXQE1R85EH49,"Terror's Advocate (Avocat de la terreur, L')",Yorgo Pietruschka,2015
01JNDQ8QAJMGGDZK9997DC69T5,Fat Kid Rules the World,Brodie Farebrother,2013
01JNDQ8QAJGR3Q11Y40M67R8QS,"Lake, A (Un lac)",Blinny Bent,2003
01JNDQ8QAKNZGX4XZY3T5DH10F,"Theory of Everything, The",Nalani Halburton,2010
01JNDQ8QAKSK1JB00PRCWN0FYD,Madonna of the Seven Moons,Stormy Carvell,2004
01JNDQ8QAM53925QX3QEN3E9Q0,"Holy Innocents, The (Santos inocentes, Los)",Dode Cabral,2018
01JNDQ8QAM2AQRSZ109EP7814A,Relative Strangers,Jamesy Tritton,1996
01JNDQ8QAMD8NKJT5R8GY34ZVE,Soft Fruit,Arvie Maryin,2004
01JNDQ8QANKBVMDYV563GRSK4H,Black Swan,Emmery Roast,2013
01JNDQ8QANC15QR2G16S92FHDR,Don't Look in the Basement!,Dita Peplaw,2009
01JNDQ8QAP12FJGJ2M4WSP0HJT,Kung Fu Panda 2,D'arcy Gorton,1999
01JNDQ8QAP85380AN8J378QDWN,"Shadow, The",Aristotle Soar,1998
01JNDQ8QAQGS6WBJT59QJEJ65N,Takeshis',Antoine Verry,2013
01JNDQ8QAQ1JNG2HNAGVVC9DP7,"Five Senses, The",Gunter Dunseath,2000
01JNDQ8QAQV8TY54H9V8QWZMH2,India (Indien),Kesley Feehely,2003
01JNDQ8QAR62T6PWGF71ZH975R,Elvis and Anabelle,Marthe Revie,2013
01JNDQ8QARRNWY8E57WP88FAK8,Epitaph,Clem Tardiff,2004
01JNDQ8QASMKREJ4NWAD9XAFK1,"Day Without a Mexican, A",Eddie Pharro,2004
01JNDQ8QASD7HMG5Z7S2E7N41A,Love Steaks,Lorilee Spiring,2011
01JNDQ8QAS8BSA3JCJCT221422,Flashdance,Walt Carpenter,2015
01JNDQ8QATTTBXC53Y238MNS9H,Horns,Raye Senogles,1991
01JNDQ8QATB6P3440BN5ZXD4BE,Kingpin,Mufi Bozier,1991
01JNDQ8QAVKDG8HVTJ5A8RY7G2,Robin Hood,Andree Semark,1990
01JNDQ8QAVZA2PK5G95S7N9JTW,Macon County Line,Tracy Sever,2008
01JNDQ8QAW2EWKX8QZMAKPTBEW,Which Way Is the Front Line From Here?  The Life and Time of Tim Hetherington,Godfree Challes,2004
01JNDQ8QAWWHP4RT1QR9PRAMTW,"Study in Scarlet, A",Godfrey Danilishin,2002
01JNDQ8QAW304GKT1GR087EB5R,12,Ker MacDearmont,2009
01JNDQ8QAXXVGNY2HJ3H97KGCN,Carry on Cabby,Ruddy Darell,2002
01JNDQ8QAX2678ZSVG4FWBQRN5,Treasure Island,Odelle Broadfield,2012
01JNDQ8QAY3JE7R5ZJXK56346G,Forget Me Not,Felita Belhomme,2002
01JNDQ8QAYDTC6MT69NHFJE3JD,Shall We Kiss? (Un baiser s'il vous plait),Orazio MacCome,2004
01JNDQ8QAYZZ4PM1YGF21ZB0D7,Brothers (Veljekset),Sherline Boggas,2001
01JNDQ8QAZ35PYPNAFR7ZG90E8,"Boondock Saints II: All Saints Day, The",Matteo Sharram,2015
01JNDQ8QAZWPR757PJT8KTZHSH,Dust in the Wind (Lian lian feng chen),Nannie Gaskoin,1997
01JNDQ8QB0059ZE3WJRZ6H3RHF,Lord of Tears,Artus Le Marchand,2003
01JNDQ8QB0BA8TMZW6P358Z1SA,"Second Time Around, The",Sonnnie Muggach,2011
01JNDQ8QB08Y95E1FWYWDSM38C,"Baby-Sitters Club, The",Harald Tollady,2009
01JNDQ8QB1XQGS3M28623PTAV6,Adventures of a Dentist,Celinka Pavlenkov,2016
01JNDQ8QB1M0HFMF5BRK8HJ3WQ,Bewitched (Alter Ego),Marcella Broadstock,2005
01JNDQ8QB25R83KXM1HAGNJ9T4,Pierrot le fou,Allan Fenge,1993
01JNDQ8QB22FVF04HYGQJY9BAY,Awesome; I Fuckin Shot That!,Dalt Eytel,2017
01JNDQ8QB2DB572Q3BYCN40X9B,FDR: American Badass!,Joann Ditt,2013
01JNDQ8QB3GN6C94EF8AY78NCT,Carrie,Laural Staggs,2019
01JNDQ8QB3DT50D54DHGPBWEND,"Giant Spider Invasion, The",Leila Burleigh,1994
01JNDQ8QB4AWF83PV9DAQ2VHDQ,Yu-Gi-Oh!: Bonds Beyond Time (Gekijouban Yuugiou: Chouyuugou! Jikuu o koeta kizuna),Julee Colleton,2011
01JNDQ8QB4AQF9NRJ87RJNQK1E,Breaking the Silence: Truth and Lies in the War on Terror,Nevins Farthing,1999
01JNDQ8QB5E0Q50F6YXN9QYAPK,Nicotina,Laura Berni,1993
01JNDQ8QB63K26KAVWPE94H0FF,Stanley and Livingstone,Skippy Quodling,1995
01JNDQ8QB6C82MWQGSYMKC7V0Z,"Amanece, que no es poco",Renaud Firman,1995
01JNDQ8QB6302DQCR46C4Y2V06,Faithful,Dory Hartfleet,2020
01JNDQ8QB744V9C4688JEA9RPG,Hamlet,Geoffry McBoyle,1990
01JNDQ8QB78KDFF0GXP2VVJB26,Puppet Master 4,Lars Darrington,2007
01JNDQ8QB8JYB7QA76NZSVFPMT,Two Shots Fired,Jaine Eason,2011
01JNDQ8QB85SRVH95D4NJXQHYQ,Let's Be Cops,Amory Malham,1994
01JNDQ8QB8EERYKYFFN3FT4SRN,Eulogy,Trixi Pendered,1993
01JNDQ8QB9J55JV9J71ZSD267K,Nine Ways to Approach Helsinki (Yhdeksän tapaa lähestyä Helsinkiä),Nichol Goodbarne,2007
01JNDQ8QB9F8GD0JDMWJJWFS9N,Sitting Bull,Henri Salvadore,2010
01JNDQ8QB9DS3HNNDFQKXXGMTH,Bulletproof,Annabal Causley,2005
01JNDQ8QBAASQ685MTSYB6MY3R,"Cry, The (Grido, Il)",Allissa Dumbrill,2008
01JNDQ8QBA86GXC8REYPQ37143,"Godfather: Part III, The",Darell April,2017
01JNDQ8QBBK43FZWWBV1VM3BJH,Johnny in the Clouds,Dara Skein,2010
01JNDQ8QBB3BP3A3KV4WD3G6E4,The Great Northfield Minnesota Raid,Fleurette Ludwikiewicz,1995
01JNDQ8QBBKTQJB9RB2RS7BJ11,"Amanece, que no es poco",Dugald Daile,2012
01JNDQ8QBCM7ATG8W7E5MPFJNP,All That... for This?!,Lyndy McCosh,1995
01JNDQ8QBCS74SM3JJ9D2NM5N0,"Confession, The (L'aveu)",Evy Stoppard,2010
01JNDQ8QBDJKFCDS5YJFQ64Q0G,"Alamo, The",Doroteya Reye,1994
01JNDQ8QBDHNKZ4C0RJPABXVFN,"Man Escaped, A (Un  condamné à mort s'est échappé ou Le vent souffle où il veut)",Winnie Bayman,2020
01JNDQ8QBDEV4TS8TXY2V0497A,Brother (Hermano),Audrey Lannon,2008
01JNDQ8QBEY4C0P70PR6EC1XVA,Long Time Dead,Bertrand Cagan,2015
01JNDQ8QBEFQRXB4NGR149ZT59,Hellgate,Paxon Lamort,2005
01JNDQ8QBFPMH2TRPW35Z8K65Y,Analyze That,Ceciley Waplinton,2007
01JNDQ8QBF1CKKE78ZH63PXHGS,Pharaoh's Curse,Keeley Miall,1997
01JNDQ8QBF8BX2KBQ9GP61F8DC,"Hard Corps, The",Nicolina Stockford,2005
01JNDQ8QBGC9QQEPRGFPF9CM5H,Hangtime - Kein leichtes Spiel,Tommie Dougharty,1997
01JNDQ8QBGXHBHPQQA7X675FXC,Bonneville,Grannie Veysey,2011
01JNDQ8QBHJKR76YWVSM82YXPF,White Mountains (Belyie gory),Bernetta Firman,2013
01JNDQ8QBHA31KNV6SNPV99968,Ski Party,Amos Mattes,2019
01JNDQ8QBHHGEJC3W3K5ZS68NY,"Boat That Rocked, The (a.k.a. Pirate Radio)",Stuart Hallowes,1993
01JNDQ8QBJMQ5GFK1MRZPTHB4D,Ira and Abby,Tremaine Smale,2019
01JNDQ8QBJA5J9XG8PN6FSWMAP,"I Love You, Don't Touch Me!",Ruperto Lead,2016
01JNDQ8QBKH27A0WE3KYBWP530,Upperworld,Trudie Van der Veldt,2013
01JNDQ8QBKJ9HZ4T9VC5HSM2ZH,Rat,Robbin Bigly,1993
01JNDQ8QBM5RZE66CSVF1X920W,Destruction Force,Agace Dalliwatr,2015
01JNDQ8QBM0GVHAHKSF3JGG3SD,"Take Her, She's Mine",Diane-marie Donhardt,2011
01JNDQ8QBMYJ43NFPVPSMH5W3Q,"Bandit, The (Eskiya)",Ade Lydster,2014
01JNDQ8QBNB80XNPRVKC44MYX8,Flightplan,Todd Schustl,2007
01JNDQ8QBNZYYTNQBSR1K6Q9H0,Thriller: A Cruel Picture (Thriller - en grym film),Steffie Dymock,2010
01JNDQ8QBPPD7YZXVN9WK0RHKS,Carmen,Chantalle Waddy,1999
01JNDQ8QBPCJP64A9GXK1DYJXC,"Man from Earth, The",Alejoa Gunn,2004
01JNDQ8QBP5WX063Q6N3F8JXWP,Sister (L'enfant d'en haut),Nate Dowe,2019
01JNDQ8QBQBJ5TGXY1E78G08PJ,Kinjite: Forbidden Subjects,Darsey Tomasutti,2010
01JNDQ8QBQT0EQARNH7YV2QH75,Pillow of Death,Rochester Kirstein,1993
01JNDQ8QBRE2Y179CD2R9H112R,Yonkers Joe,Jerrine Huckell,2008
01JNDQ8QBRWG4NZ5ETWK0XNE0R,Saving Private Ryan,Sara Slowcock,1992
01JNDQ8QBSE0MX8X3Z262QD1YX,You Ain't Seen Nothin' Yet (Vous n'avez encore rien vu),Dunn Grout,2013
01JNDQ8QBSAVJF1HW3YR2FAAP7,"Psychopath, The",Corbett Thorrold,1998
01JNDQ8QBSBNGHS3VE8HCAHG9Y,Forbidden,Leonora Tulip,2010
01JNDQ8QBTPJP1JEKXBNRTP6SR,It Follows,Shela Bronger,2005
01JNDQ8QBTXETY65WN5YJT6YZ9,King of the Hill,Daniel Schettini,2011
01JNDQ8QBVM3NRT8R9FWDP8R6Q,Battlestar Galactica,Angeline Walicki,2006
01JNDQ8QBVVBXWXJ4V06PD05MJ,Letters to God,Ondrea Tumilty,1994
01JNDQ8QBWSYYKC0EVZBRFAG2K,Dune,Magda Sharpe,2010
01JNDQ8QBW0AEKGENM9K5H5C5A,"Thin Man Goes Home, The",Myrtie Pikett,2002
01JNDQ8QBWDYQ3ZR443VTNZBWV,Secret Ceremony,Tonia Smurthwaite,2020
01JNDQ8QBXY7SHG3F58JSQB2MS,Midnight Crossing,Deina Boame,2004
01JNDQ8QBXB07BHCNXGYAQNMRF,Critters 4,Gaylene Glanders,2018
01JNDQ8QBYBZ8DGQXQV383CTNF,Cheeky (Trasgredire),Turner Beglin,1990
01JNDQ8QBYNQ5F5F1GESPFFYFC,"Foot Fist Way, The",Bruce Nicklen,1994
01JNDQ8QBYVRM2GD9EX238HCE7,O'Horten,Bernadina Ferrieroi,2010
01JNDQ8QBZ0PN2WASC2WF98QMH,Shanghai Express,Peg Weblin,2008
01JNDQ8QBZTFEAXHSSECDG9NHA,"Passionate Friends, The (a.k.a. One Woman's Story)",Roby Elsegood,1995
01JNDQ8QC0SQ1VYATRQJRTEQN0,Titanic,Shepard Parysiak,2015
01JNDQ8QC0Q36HXEZ3NENTQGW5,Me and Him (Ich und Er),Florian Monger,2020
01JNDQ8QC00Q2GSFYHR7H7WQ95,Divine Horsemen: The Living Gods of Haiti,Arabelle Offin,2002
01JNDQ8QC1MTCTBCYR3X6TJWX3,Red Ensign,Cthrine Heys,2020
01JNDQ8QC1FPFG15BTSP5MVGJF,Skyscraper (Skyskraber),Jeffy Yoell,2010
01JNDQ8QC12HS5SSRA1RRQ9Q8Z,"Dead Man and Being Happy, The (El muerto y ser feliz)",Duky Napolione,2001
01JNDQ8QC29J3X290Z6W2E5D2K,The Wait,Malissa Mainston,1992
01JNDQ8QC2SN7KVSPXEF19H1K6,Breaking the Maya Code,Pollyanna McCosker,1995
01JNDQ8QC37ZT67WDBNJZVQ8ZV,"World's Greatest Lover, The",Candace Gosforth,2016
01JNDQ8QC3DSTHRR47186G85SH,"World of Kanako, The (Kawaki.)",Vera Clayworth,2005
01JNDQ8QC4GC3M4K42TBCMG6Q4,Executioners from Shaolin,Koren Stringer,2012
01JNDQ8QC4NHWCR5KZGNE4Z05Y,State Fair,Kalindi Satchell,2017
01JNDQ8QC4G8TEXXQKNY98ZEVW,Driving Lessons,Madlin Pagitt,1993
01JNDQ8QC5D4NK8XNEEDRJ7N98,Loners (Samotári),Pia Merkle,2004
01JNDQ8QC5TX9WF3MF8VE282ZB,"Loco Love (Mi Casa, Su Casa)",Bertine Graveston,2019
01JNDQ8QC64HNC7S8X1AY8APSM,Soldiers of Fortune,Taryn Crebbin,2014
01JNDQ8QC61YBYWEC2N72T1YD6,Scarface,Stephie Strut,2017
01JNDQ8QC6MQTAB7PC5JTXG4GB,Wayne's World,Niven Limerick,1990
01JNDQ8QC7DCFB7Q88GN5MCCQE,High Noon,Homerus Le feaver,2013
01JNDQ8QC72ATBF7C6V52J8MM2,RocketMan (a.k.a. Rocket Man),Randi McElrath,1996
01JNDQ8QC8736TSPCVP0HGHWQS,Zulu Dawn,Meghan Swatradge,2006
01JNDQ8QC800RC577AKTMXR0J6,"Talented Mr. Ripley, The",Sonia Glanister,1996
01JNDQ8QC80XMTGEQDCT2MDC3T,Leprechaun 2,Marybelle Kingsbury,2018
01JNDQ8QC92RC9XQSRT41BJBYQ,Birdemic: Shock and Terror,Sena Gaythwaite,2017
01JNDQ8QC9J6XSNH1D3VV8ZNRV,Bill & Ted's Bogus Journey,Shirl Jirousek,2003
01JNDQ8QCADYYCBDW5DJP9P9JH,"Bat People, The",Chancey McKinless,2013
01JNDQ8QCA3B43X375TPHCBVVH,Joe,Gannon Giraudeau,1990
01JNDQ8QCB0245X7H7T6BDYJCQ,Screamers,Ruddy Whiskerd,2006
01JNDQ8QCBVPZCCBPQWTF1M30K,4,Walther Dudley,1997
01JNDQ8QCCC1722Z2FS3VA5Q3Z,Dog Day (Canicule),Demetris Leathart,2004
01JNDQ8QCCKYR4HH916J20B5KF,"Coast Guard, The (Hae anseon)",Reinaldos Maden,2003
01JNDQ8QCD59ETBEH4JM3WJX0G,"Twelve Tasks of Asterix, The (Les douze travaux d'Astérix)",Bertine Troup,2016
01JNDQ8QCD695ADAT51CEGNMP6,Paraíso Travel,Mortimer Bourrel,1995
01JNDQ8QCDW85E1G5YD29HMF99,"Big Trees, The",Yettie Burgill,1998
01JNDQ8QCEJHAZ6E4AXBS6GWP0,Trekkies,Kitty Jephcote,2015
01JNDQ8QCE6GBG0696VYW1KHVT,Honeymoon,Daniel Tapley,1998
01JNDQ8QCFJYSHJWD4SZNET9PE,Cherry Falls,Hillel Heppner,2015
01JNDQ8QCFZ5JFH43V9DT8RGAT,Kanal,Zerk Frain,2015
01JNDQ8QCG1B2RMGXM21VYNSK7,Black Rain,Bart Marzelli,2016
01JNDQ8QCG0THXH2E485BK1HB3,Cheeky Girls,Bradford Roxbee,2006
01JNDQ8QCGF9V18AJPMQWCV9AB,Fame,Rozina Monks,1995
01JNDQ8QCH8VFCPKXK4MMPHSSH,Madame Bovary,Tybalt Stourton,2002
01JNDQ8QCHFCD3YYKEW074MQ98,Ginger Snaps Back: The Beginning,Ami Rawcliffe,1995
01JNDQ8QCJCNQ7M2DTYDS3R28W,Let It Snow,Lutero Meuse,2020
01JNDQ8QCJVK7M5T3DTXH3DMZX,Oklahoma Crude,Cherey James,1999
01JNDQ8QCJB5HQBAEDWX0F6W3X,Under the Volcano,Malcolm Van der Mark,1992
01JNDQ8QCKSAS2XK4ZX6TX59J0,London River,Traci Addekin,2018
01JNDQ8QCKKCG9SAHEJ2N8KGAC,Carry on Cruising,Lilas Chason,1998
01JNDQ8QCMBWQ7RV3CQEGNG2QG,Archangel,Bill Echallier,2005
01JNDQ8QCM2PCXCZX4M23H49Q9,DarkWolf,Lavinia Sandbrook,2019
01JNDQ8QCN8AWN41X9FYR3WEX9,Pigs,Guglielmo Pawlicki,2000
01JNDQ8QCN1HSZHMKHGGJ38EZV,"Arrival, The",Butch Cuningham,1993
01JNDQ8QCNCCEMKT5DXFGS916D,Party Monster,Winnie Jerrome,2002
01JNDQ8QCPZ11E2VEP8GZ8WN0C,Urbanized,Link Mulroy,2004
01JNDQ8QCPXK0XSF7T61PQX3M3,"Hedgehog, The (Le hérisson)",Pete McCanny,1997
01JNDQ8QCQGXQBJR3XXKZ59PZM,Bachelorette,Fleur Roistone,2008
01JNDQ8QCQHN2C7DDN0KWD1WYW,Safe House,Felice Friedank,2012
01JNDQ8QCQ1G0PKEEDMA6QE3Q7,Hudson Hawk,Barbi Allbrook,2019
01JNDQ8QCR16PC74FG1SRCYT24,Bill Maher: Victory Begins at Home,Cassie Engeham,2009
01JNDQ8QCR8CP9DT3BBCM01SQ1,Man of Tai Chi,Lisha Kruschev,1990
01JNDQ8QCS1ZAPWDESJGNWWXQC,Dodge City,Caye Tubridy,2007
01JNDQ8QCSDW7B2G1RS56EPKMF,I Accuse!,Stevy Wehden,1998
01JNDQ8QCT68W5CMN9VJ845B8Z,"Extremely Goofy Movie, An",Tiebout Kilmartin,2010
01JNDQ8QCTVQYD748A63W8JK1R,Like Mike,Melanie Volkes,2014
01JNDQ8QCVDTWBMX87E5YB7HDZ,Vampire Apocalypse,Virgina Maseyk,1993
01JNDQ8QCVQZTV5R1Y52P3J58E,Betrayal,Murray Scryne,2011
01JNDQ8QCWSA4TAS6G76ZSRTD1,Life Is What You Make It (Linha de Passe),Joe Easlea,2011
01JNDQ8QCWQPRXNFNS5BZ40TGE,"Silence Before Bach, The (Die Stille vor Bach) ",Hasheem Blacklidge,2006
01JNDQ8QCXTJN5YG2B3HR5PBS7,Stargate: The Ark of Truth,Katerine Bevis,2002
01JNDQ8QCX2NNC4ACHX57RMPR1,In Bed (En la cama),Jeff Jennings,2012
01JNDQ8QCXB15RXCK2WM5DN7KY,Pulp,Berny De Fries,2005
01JNDQ8QCY4WF81W3D1HH06G98,"Red Squirrel, The (Ardilla roja, La)",Boigie Skiggs,2006
01JNDQ8QCY0WT63PZV4MFQFDA7,Bad Luck (Zezowate szczescie),Iseabal Goldis,2019
01JNDQ8QCZMN09J7NHRTGSHW1J,Get Bruce,Bobbie Shorie,1997
01JNDQ8QCZVF6SE9SGTJAW40Y9,Bhutto,Starlene Jacmard,2007
01JNDQ8QDV3T2DS239RX8KQ1TT,Duck Soup,Josias Bonsall,1991
01JNDQ8QDWK357AAWXG4GCGWSE,Senseless,Jory Pardal,1997
01JNDQ8QDWB4CX98T2RNFF65AV,Appointment with Danger,Michaela Cusiter,2010
01JNDQ8QDXSDMBNGY28Q2PWNM4,Poor Little Rich Girl,Farlie Lehrmann,2003
01JNDQ8QDYV1ZRA8B9X199G447,"Buccaneer, The",Romeo Houlston,2018
01JNDQ8QDY3B48XR5K5GB06073,Entr'acte,Nelia Trevethan,2020
01JNDQ8QDYBMPP5698B4KD769Z,Castle on the Hudson,Abbey Pallatina,1994
01JNDQ8QDZD24SZDHE6KKD1P8X,"Texas Chainsaw Massacre, The",Jewelle Spybey,1996
01JNDQ8QDZG16XNTMH5WZ7VJHR,"Ace in the Hole (Big Carnival, The)",Pryce Clifft,2003
01JNDQ8QE0CXZPDTS6FEYVDKS9,Madame Bovary,Ivonne Smeeton,2019
01JNDQ8QE0QDM4041P3RZJMBX8,Crazy Heart,Sheryl Wagner,2014
01JNDQ8QE1E2F4MJ2W0NZ3V7ZB,Mr. Untouchable,Bartholomew Dilliway,2014
01JNDQ8QE1E6VHNAYTC25T1QNM,"Thirteenth Floor, The",Hieronymus Eates,2018
01JNDQ8QE2MNE1C74C7AA7ER8X,"Hills Have Eyes, The",Christy Escoffier,1999
01JNDQ8QE22NXEK9Y212FTH4JF,Holocaust,Danica Paulillo,2020
01JNDQ8QE3ATS1EM8XAPBH1HSK,Boyhood,Mort Sexten,2008
01JNDQ8QE3G6CF96564838QGY1,Among Us (Onder Ons),Katrina McKirdy,2013
01JNDQ8QE4AKHWYFX5PGDMBTDN,Pinocchio,Tom Danko,1999
01JNDQ8QE4JF0KNT16S4V9SPFT,"Order of Myths, The",Caryl Python,2005
01JNDQ8QE4TMN0SS3JPXS0Y2Q0,Alone for Christmas,Betti Chaudron,1991
01JNDQ8QE5J033KCD3MNMHEYH8,D.O.A.,Aurel McKeveney,2016
01JNDQ8QE5M1D8JQ7M98PXRHVR,Superheroes,Cristen Sisey,2017
01JNDQ8QE66KVAGZTVSJENYRYJ,Babbitt,Amy Rubra,2011
01JNDQ8QE6JE64R8Q47DJPVY77,Screwed in Tallinn (Torsk på Tallinn - En liten film om ensamhet),Onofredo McWhinnie,2016
01JNDQ8QE7AKZTDQ087A1ZYRWY,Carousel,Willi Byas,1993
01JNDQ8QE8150HYG4SJZX2R8AF,Death and Cremation,Wallace Spencers,2008
01JNDQ8QE81Q2A7DPV7R5RZ9PA,Nancy Drew and the Hidden Staircase,Dave Algie,2006
01JNDQ8QE9CN8AMFJ86BBHDMY1,"Life of Aleksis Kivi, The (Aleksis Kiven elämä)",Carolann Buttrum,2008
01JNDQ8QEACP4ZSPHYYF95E3C2,Open Up to Me (Kerron sinulle kaiken),Alano Ruegg,2006
01JNDQ8QEA71W868824CTGQ3QT,Confidence Girl,Micki Parzis,1996
01JNDQ8QEBDT64RRS6MFW1FG2V,"Wild Blue Yonder, The",Artie Semper,2011
01JNDQ8QEBQ3HW4V73D7WYWNZW,Hysterical Blindness,Valry Lackner,1993
01JNDQ8QECFGMCV7JBBWVG9V3Q,Yatterman (Yattâman),Eleni Bremond,1992
01JNDQ8QECVG2HTDBP77WSCMCG,Wish You Were Here,Gregor Whatman,2015
01JNDQ8QEDNDXW457E8RGAVG6B,Taistelu Näsilinnasta 1918,Artair Abramowsky,2020
01JNDQ8QEEVWFY1QKXR0FP73WM,"Whole Ten Yards, The",Cal Redfield,2013
01JNDQ8QEEVAQPWEJ7M8WMPDJ1,Isle of the Dead,Kirsten Dunphie,1995
01JNDQ8QEE9M3MQNK3BGK415BN,Everybody's Acting,Mirabel Cicchelli,2005
01JNDQ8QEFTMN3F95VKBJ5ZX1M,Bird of Prey,Isidor Kasperski,2002
01JNDQ8QEGB4WA2EBR57F6PSRZ,Down and Derby,Reeta Dunniom,1994
01JNDQ8QEGK50NJPT9SVVP6KHQ,"Letzte schöne Herbsttag, Der",Clevie Cuddy,2017
01JNDQ8QEHDQYZ764N7HCSBQ0K,The Gilded Cage,Broderic Wretham,1997
01JNDQ8QEHKRCR87BJRZ77S9M5,Loft (Rofuto),Kristel Gueinn,2009
01JNDQ8QEJXBXWZZY1VTGQQSS0,Waterworld,Alida Carah,1994
01JNDQ8QEJD1WD4SK6TGVC0W6C,Trails (Veredas),Susy Jenk,2003
01JNDQ8QEKCCM35P88NY1HF6SS,"Witch Who Came from the Sea, The",Dewitt Aireton,1999
01JNDQ8QEK8AJAA5B300AR65RN,Love & Sex,Roxane Edmonson,2018
01JNDQ8QEMCJ6GY5S5M4WN6R63,"Race for Your Life, Charlie Brown",Hogan Calderonello,2000
01JNDQ8QEMG9YGP7MTC7PH2XEM,Blow Out,Audre Chislett,1999
01JNDQ8QEMF82J9NQX36ASTQJN,"Wild Bunch, The",Marieann Brotherhood,2019
01JNDQ8QEN407ZZ8AX54J81FZA,Shenandoah,Briana Gronow,2004
01JNDQ8QEN09DXT7KAMEX2N23D,Captain America,Maurita Knowler,2015
01JNDQ8QEPG6YACS31KHJV87NA,Teen Wolf,Anatol Cannop,2009
01JNDQ8QEP1MHF2VJP317495MM,Direct Action,Laurena Sherer,1999
01JNDQ8QEQG0XZXT1143PK35CJ,Los Angeles Plays Itself,Leigh Hearnah,2002
01JNDQ8QEQMG49DR7CDG6T9RPR,Paranormal Activity,Johann Frigout,1997
01JNDQ8QEQ6R0F30MEZ5GTC7FQ,Only You,Oates Bolsover,2011
01JNDQ8QERHCGM47FJ6NB1JAM5,Carne de gallina (Chicken Skin),Anne-marie Roney,2007
01JNDQ8QER24K5KCK22RVK9T5M,"Institute, The",Konstantin Heaps,1995
01JNDQ8QES3TTSXHNKB3C7VVXX,My Girl,Lorin Fison,2004
01JNDQ8QES3GBWK0Q1G8VFWFM6,Maid to Order,Dana Hugin,1995
01JNDQ8QET88HW550B29GRMWAY,"Great Gatsby, The",Maurice Foxton,1994
01JNDQ8QET43JSST0NENK4ASHJ,"Awfully Big Adventure, An",Brenda Billiard,2007
01JNDQ8QEVEM0CT3WHASKTV02C,Honest Man: The Life of R. Budd Dwyer,Forbes O'Shea,2007
01JNDQ8QEVZH55WXAGMSG0308H,Camp,Ingram Arber,2000
01JNDQ8QEWVQS0JDBXHXYB841G,Lesson of the Evil (Aku no kyôten),Alonzo Lenham,2005
01JNDQ8QEWZ041SDSAAQDP2F51,"Law of Enclosures, The",Jaquelyn Braidford,2003
01JNDQ8QEW84PAVZHMW9NQDMAS,Addicted to Love,Ariel Rudderham,2020
01JNDQ8QEX2YTAKHVZRTA20X24,Fantastic Four: Rise of the Silver Surfer,Tomas Tiler,2014
01JNDQ8QEXK08VWSRJP18HSV2D,Bigga Than Ben,Cooper de Verson,2020
01JNDQ8QEYD5H2E3CBCT5Y20VB,Three Strangers,Bab Schubuser,2008
01JNDQ8QEY50WH2ZFJB0FBFM0P,Double Indemnity,Delores Sommerlin,2002
01JNDQ8QEZ3JP5825DXF9N47DD,"Coast Guard, The (Hae anseon)",Masha Brumfitt,2015
01JNDQ8QEZYDPSKZZRSP0EZCXC,Crooked Arrows,Jorrie Dudbridge,1991
01JNDQ8QF0F9KQ2XEVRDMB7CR9,"Soldier's Story, A",Novelia Pepineaux,1994
01JNDQ8QF0C9180HV2CTV37AEB,Jindabyne,Dorine Croshaw,2003
01JNDQ8QF06PE8VQYAMJNJR3D3,Tobacco Road,Hiram Seacombe,2010
01JNDQ8QF16DY2ANPWN0PXSHMR,Sense and Sensibility,Karoly Possell,1994
01JNDQ8QF1P63M07T3CCTGBF95,Native Son,Lorrin Mucklestone,2012
01JNDQ8QF2V48M4Z7MVK9Q149K,Blue Blood,Clerc Shiril,2014
01JNDQ8QF2W14TT7Z9D91KWYN8,"Grudge, The",Rutter Southcoat,2005
01JNDQ8QF3RR6GDYXT45111DDB,My Wrongs 8245-8249 and 117,Natassia Pizey,2018
01JNDQ8QF3PBY7E4VJ2B1WTYZD,Down Twisted,Kristoforo Ubanks,1994
01JNDQ8QF4EVM6KRWRE3CYD7NC,Zodiac,Amalle Tite,2009
01JNDQ8QF42GNDWPSAXBW77CCW,Thirst (Pyaasa),Laurena Hekkert,2011
01JNDQ8QF59G24B7YFJ947XGA9,Quebrando o Tabu,Vin Maskrey,2008
01JNDQ8QF5BTDGRETC6D8RSMGF,Christine,Der Broadfoot,2018
01JNDQ8QF67J7GXG5JGA4WC34F,It Rains in My Village (Bice skoro propast sveta),Dimitry Ilyunin,2012
01JNDQ8QF6EAY5TFB39T72CE7W,Another Woman,Evanne Mackilpatrick,1992
01JNDQ8QF7BT8KANY31VMAAXGA,The Boy Who Cried Werewolf,Alena Speller,1991
01JNDQ8QF7J4WX65QDD02ET1K2,Breakfast with Scot,Alwyn Wordington,1996
01JNDQ8QF8DB7WHERQ71SS4QW4,Diary of a Cannibal,Nelie Collocott,2007
01JNDQ8QF8BBEEEZHG5B1Y56D2,Troubled Water (DeUsynlige),Don Tomblin,2006
01JNDQ8QF8SFYVM9EXXSS15TES,Podwórka,Pearla Wood,2018
01JNDQ8QF9SFQN1MB0QGF2HWDQ,Unaccompanied Minors,Giuseppe Christofol,1996
01JNDQ8QF9W73N4F0BKFTNP0ZK,"Honor Among Thieves (Adieu l'ami) (Farewell, Friend)",Levon Pozer,2015
01JNDQ8QFAZBTZS3TPACC0AJSR,Portraits of Women (Naisenkuvia),Jeanne Collete,2014
01JNDQ8QFAXDGZWJ4RWVN9A85Z,Pot v raj,Joelie Carden,2018
01JNDQ8QFAVVC4NTE8X2405CAR,Delta,Tuckie Durkin,2001
01JNDQ8QFB5YPS09CMVRZ7GEZM,Stay Tuned,Ricky Di Bartolommeo,2006
01JNDQ8QFBF7WW8PVRY0Q5AE2A,Vertigo,Elvin Eccott,2014
01JNDQ8QFCFKVQAYKW5JNT699G,"Chambermaid on the Titanic, The (Femme de chambre du Titanic, La)",Jayne Correa,2011
01JNDQ8QFCDBXR9H6P1V4MHJ9D,Quadrophenia,Idalina Postance,2017
01JNDQ8QFD3T24YJZBWG53TQ3B,Everybody's Woman (La signora di tutti),Rubi Ortelt,2012
01JNDQ8QFD0ZP6R4G2CQYT2RT8,"Snows of Kilimanjaro, The (Neiges du Kilimandjaro, Les)",Erv Pike,2019
01JNDQ8QFE235SHP88NWZBQBVF,Knock Off,Lavinie Ganiford,2007
01JNDQ8QFEW2977KWEJ0NGM202,Into the Storm,Bailey Maas,1999
01JNDQ8QFES79NC01CYP070NDN,Julian Po,Felice Cozins,2005
01JNDQ8QFFBP2Z58KHJGER02TR,Dark Horse,Sax McFadzean,2019
01JNDQ8QFF04554ECDG9N4AYGM,Suicide Club,Cosmo Greenman,2000
01JNDQ8QFGPK7B6TM4TTNBB69B,Two for the Money,Saxon Bandey,2018
01JNDQ8QFG7534A8160VS8HG6E,How to Make a Monster,Adeline Presdie,1998
01JNDQ8QFGY0MYKBNKCCX40CCP,Mi Amigo Hugo,Esdras Pregal,2008
01JNDQ8QFHDFGV89DWFZ4BYQRA,Impromptu,Hilario Kingsnoad,1990
01JNDQ8QFHNZG6Q7KQ20CJ3FS7,"Twice Upon a Yesterday (a.k.a. Man with Rain in His Shoes, The)",Gene Dobie,1998
01JNDQ8QFJSP8EFY4KG9F322QH,Fort Bliss,Lotte Shale,2012
01JNDQ8QFJT856JQZ854EKPEV1,Gantz: Perfect Answer,Cookie Pyzer,2011
01JNDQ8QFJVHA0S440XSQJHG41,Paradise for Three,Markus Bulmer,1990
01JNDQ8QFK12HVBYPM2VTADG80,Thirst,Andrey Magson,2005
01JNDQ8QFKSFBHT9PME497YQDY,"Raven, The",Brenda Vasilchikov,1990
01JNDQ8QFM1VT8KQ24WS2THJTK,Major League: Back to the Minors,Silas Storey,2019
01JNDQ8QFMSJFGJR92PFME1FA4,Shepherd,Lydon Roughan,2008
01JNDQ8QFNXVWYZJPWNSV9ZJ6P,"Rising Place, The",Cart Yearne,2011
01JNDQ8QFNK5JFH2DZYXMEB6BQ,El Cid,Ondrea Streader,2006
01JNDQ8QFNRD6KGWXTRSSAJXXP,Mystery Street,Darla Hallede,1996
01JNDQ8QFP1A9AZZ1HKSFCBW5P,"Bobby Jones, Stroke of Genius",Ax Ivanaev,2007
01JNDQ8QFP8TDVEKBGA6G65A9R,Whatever Lola Wants,Onida Mance,2001
01JNDQ8QFQ689QT0QJZVB0675Q,You're Next,Susanetta Sedgwick,2009
01JNDQ8QFQDE0B03H1WTENGEBW,"Loves of Pharaoh, The (Das Weib des Pharao)",Marjie Popping,1996
01JNDQ8QFQ1YENMCTYVSS2NCA2,Diên Biên Phú,Hamlin Coultard,2011
01JNDQ8QFRDD05TZGG132D4B8W,"Young Victoria, The",Paula Giraths,2011
01JNDQ8QFRTGM9QFFDHD0JG5CV,Dunston Checks In,Hedi Swaite,2010
01JNDQ8QFSYXGAYENYF7CWQQ59,Storm Catcher,Therese Pillman,2017
01JNDQ8QFSX4AG079QEQGDPE3V,Ride in the Whirlwind,Brinna Steely,2000
01JNDQ8QFTFQRG4RT3M6YR6QVJ,Dead Alive (Braindead),Wini Cressy,2002
01JNDQ8QFTAP74YDN1MFQDJ12P,Light Years (Gandahar),Rodney Scranedge,2004
01JNDQ8QFTBV60CT1H9DB094FH,Point of No Return,Vick Brekonridge,1991
01JNDQ8QFV2F9WZ01JH0JC5Q6K,F for Fake (Vérités et mensonges),Merla Band,2020
01JNDQ8QFV87BSPTT69TG3F4V7,They Call Me Bruce? (a.k.a. A Fistful of Chopsticks),Nona Molloy,1993
01JNDQ8QFW23C8JZ7NTR36TP4P,Face/Off,Jillayne Bridgland,1994
01JNDQ8QFW4M806ZPFJ5G9X2V5,"Paradine Case, The",Arie De Miranda,2007
01JNDQ8QFXY26NFNYR5RGAKZBM,Dealing: Or the Berkeley-to-Boston Forty-Brick Lost-Bag Blues,Sibeal Alben,1990
01JNDQ8QFXZBYRWDTZB1F6NENA,Class of Nuke 'Em High,Orton Willett,2020
01JNDQ8QFX5F7TXASSYWSR2RK2,Shalako,Fawnia Southerton,1990
01JNDQ8QFYQYYGMTWCYNP63DAB,Great Expectations,Madel Golthorpp,2005
01JNDQ8QFYKNFCJBME9B9NPV5Z,Danger: Diabolik (Diabolik),Fonzie Buckel,2007
01JNDQ8QFZG1C6JT5K4CNKXY81,April Love,Delora Baxandall,2000
01JNDQ8QFZP7R8XE34MCATZGXM,Harmagedon,Bertie Putten,2020
01JNDQ8QG04SKBP9TD7WDDKB6K,Downloading Nancy,Helen Lukins,2014
01JNDQ8QG09TQZYBY6K30355Q7,Bigga Than Ben,Aurthur Gregore,2009
01JNDQ8QG0Y9V71P96F8EN6F7Z,Looking for Cheyenne (Oublier Cheyenne),Selma Peert,2005
01JNDQ8QG1V05YX5CS1XF8M578,Breaking the Maya Code,Elmer Ganing,2003
01JNDQ8QG19KJHZ1WE1FWA69KW,One Good Cop,Torre Gerling,1990
01JNDQ8QG2DQ66CW6FHC8BJR9B,"Larceny, Inc.",Rosella Garnar,1993
01JNDQ8QG2GP43JC0C3ZBMVJ29,First Blood (Rambo: First Blood),Kingsly Jamrowicz,2005
01JNDQ8QG2K3ANNCX4BE3QTSED,Looking for Palladin,Lorin Espin,1996
01JNDQ8QG35K9AAZ39BK0NNJ4P,Money Talks,Sayre Farland,1997
01JNDQ8QG34YNJTQ4AZ20DYY2G,"Arrival, The",Yorke Haibel,1991
01JNDQ8QG4S96MC7ZGGJJQDT5G,Solas,Donn Bick,2005
01JNDQ8QG4AQV0E3MKA9KY2CFQ,Mr. Klein (Monsieur Klein),Ringo Cello,2020
01JNDQ8QG5K56NPNMNB34KJZ8G,Dear Me,Brenna Rodders,1998
01JNDQ8QG5NHPCAWGMZNA1HKTD,My Beautiful Laundrette,Carmel Josupeit,1997
01JNDQ8QG58FXCKZHNV37194Y1,"Silence of the Lambs, The",Laryssa Blewitt,2007
01JNDQ8QG6J2JHMYRP77WCF7PR,One Good Cop,Ricardo Bernardt,2001
01JNDQ8QG62MHY5NERDXGACZ7F,Public Enemies,Roxi Cavet,2008
01JNDQ8QG7VNKXGEP8ZTT3AJ94,My Childhood,Tallia Battams,2014
01JNDQ8QG7JZV1NMQJCQMGJNBJ,"Breaktime, The (Zang-e Tafrih) (Recess)",Giffy Plessing,2014
01JNDQ8QG8M1NGFRHHBV8BD25T,Burke and Hare,Ethelind Gerrit,2011
01JNDQ8QG8H00387XX1TRYS34J,How She Move,Pasquale Davie,1997
01JNDQ8QG8CJDNEG3VYSKQWANX,"Dinosaur Project, The",Jacques Ivins,1996
01JNDQ8QG9YKZ5YDCSBJC9J44A,Torrente 5: Operación Eurovegas,Thadeus Barnshaw,2020
01JNDQ8QG9W72E84CGKB3TWMG7,Executive Suite,Rory Greenham,1994
01JNDQ8QGAVPVYT4KY8ASZC72M,"Terrible Kids (Enfants terribles, Les) (Strange Ones, The)",Katya Lambot,2005
01JNDQ8QGAMQV4DVFG2JMQSNQY,Silver Streak,Pattie Glozman,1999
01JNDQ8QGBTYWZHG4WEDMBM85B,"Stand, The",Dorree Mancell,2001
01JNDQ8QGBGC8B97PHCYMSSKMH,"Glass Bottom Boat, The",Orion Parcall,1991
01JNDQ8QGCYE177BNXED3CYB5T,Barabbas,Ezmeralda Wolseley,2007
01JNDQ8QGCR2B266N4NX0WGEC0,Diên Biên Phú,Madalyn Gradon,2011
01JNDQ8QGC6BXM9RTXT2FQWKQA,Jerusalema (Gangster's Paradise: Jerusalema),Mariana Pegram,2000
01JNDQ8QGDYKT5BYJVR20CZEG0,Sharknado,Even Holehouse,1995
01JNDQ8QGDXFXGBBJYCGEMEXR5,"Christmas Carol, A",Rachel Beddard,2000
01JNDQ8QGEJ65MFRWBAAQVF2HK,Tammy and the T-Rex,Dre Dungate,2014
01JNDQ8QGEZTQGV4KG8XX6PV5F,7 Dwarves: The Forest Is Not Enough,Genevieve Alflatt,2020
01JNDQ8QGEGKPE6PM4Y3W8C4PG,Das Leben ist nichts für Feiglinge,Melisande Gantzer,2000
01JNDQ8QGF7641KEKQNZQRKQ0X,Honeymoon in Vegas,Marcellina Iacomi,1999
01JNDQ8QGF28NT38BJ47VFEAWG,Speedway,Virgie Renvoise,2018
01JNDQ8QGG565JCHZ10Y0JRKM7,So Undercover,Ivie Grabham,1992
01JNDQ8QGGD72MB59GF7E3N8J4,Rooster Cogburn,Laurence Lapslie,1998
01JNDQ8QGSKB5Z45660XYS6YHX,"Hurricane, The",Yves Caitlin,2002
01JNDQ8QGTSBWKKGE7AQGDVQWR,Soldier Blue,Isabella Whissell,2013
01JNDQ8QGTQW1VP1K16Y43MQ6N,"Out of the Furnace (Dust to Dust) (Low Dweller, The)",Ortensia Kerner,2006
01JNDQ8QGV446GDYH57Q9E0CCT,Dersu Uzala,Forrester Mansell,2015
01JNDQ8QGVTHPGGSMAJNMEK72H,War Made Easy: How Presidents & Pundits Keep Spinning Us to Death,Adan McSparran,1998
01JNDQ8QGWEG5VG0S5KN8PCM0Z,Open Hearts (Elsker dig for evigt),Alyson Henryson,2016
01JNDQ8QGWNN75EEA50VBFJ52C,"Chamber of Death (Chambre des morts, La)",Giacobo Soigoux,1997
01JNDQ8QGXWKBNAM83K7EJ7T0V,Rain,Mariele Stanes,2000
01JNDQ8QGX4GJ8ZG8EDJEJ8A0H,Proof of Life,Dacey Spilisy,2005
01JNDQ8QGYV6AM87SCCWGM76PK,Another Cinderella Story,Brandtr Crux,1992
01JNDQ8QGYXS9SMH6YHCTCAVFZ,Destiny (a.k.a. Between Two Worlds) (Der müde Tod),Alfred Cyphus,2015
01JNDQ8QGZ6F9AKBZZX61TX25W,Fallen,Jonis Yaknov,2003
01JNDQ8QGZK5JFJH35S92Z8NG5,Hella W,Cherianne Ericssen,2000
01JNDQ8QGZAF2R7KJ10599J03F,"Thing: Terror Takes Shape, The",Corrine Frowing,2006
01JNDQ8QH034XWRAY45C6HNVWH,The Hire: Beat the Devil,Carce Wattam,2017
01JNDQ8QH1FCEMGT6Q8CRS4B6J,Sweeney Todd,Genovera Labes,2017
01JNDQ8QH2S8A4DHEA7ZAYX6B0,"Parallax View, The",Easter Dyball,2018
01JNDQ8QH2G5GA04F99TKT019Z,Skyjacked,Orin Cottage,1992
01JNDQ8QH3DRP3K9QM6038NNF3,"Boot, Das (Boat, The)",Law Breache,1995
01JNDQ8QH3B9YTCZCYD04MCM0W,Raiders of the Lost Ark: The Adaptation,Nicko Carnilian,1995
01JNDQ8QH4JRV1VTCYYJ4SCZH0,A Merry Friggin' Christmas,Talya Hughill,2016
01JNDQ8QH4AQKDHKP3RX65WMSS,Fishtales,Hedy Ewert,1994
01JNDQ8QH4NQNZPQ5K86GG61ZA,Prime Suspect 7: The Final Act,Adrian Linde,2002
01JNDQ8QH5WZ1EYFBQ44FWW1M8,Gracie,Emma Loynes,2001
01JNDQ8QH5TD1H01EBFQX23BGX,Royal Wedding,Claudetta Breming,1998
01JNDQ8QH6D4ZVPV8B206MBNX7,"Man Who Never Was, The",Keith Tomenson,1991
01JNDQ8QH66N0N2G74N3S0ZTS0,Addicted,Clarey Gildersleaves,2001
01JNDQ8QH7J05CH9QQ4SC8PK3M,Eaten Alive (Mangiati Vivi),Audrye Kildale,2001
01JNDQ8QH8ENMPYFK0B9ZAAZ7E,Flash Gordon's Trip to Mars,Dyane Hernik,1993
01JNDQ8QH8GCBEXRNN4ERHRNV9,Sneakers,Jayme Tofanini,2014
01JNDQ8QH9J4EGPYBNMQWVV91Z,Earth Days,Sean Cutts,2017
01JNDQ8QH90M402B1T2GBHBCCS,"Sunset Limited, The",Babbie Blabber,1996
01JNDQ8QHAHQ3VASMT5A7JES6A,Deception,Cathi Catcheside,2011
01JNDQ8QHAD7C9VTCQAY9ATD31,Orphans,Matthaeus McAlinion,2014
01JNDQ8QHB6ZB1ZAH1MTH0CYXV,Spiritual Kung Fu (Quan jing),Fidela Gouly,1995
01JNDQ8QHBN9N24MS3V0FB8M3M,Flags of Our Fathers,Zea Hourahan,2012
01JNDQ8QHC22YV2ETNY32W2E06,Flight of the Phoenix,Blinny Hutton,2009
01JNDQ8QHCCG79BDPWP4APA61J,Wife vs. Secretary,Casi Chattoe,2016
01JNDQ8QHDZDJBAQ8EXZEGNG8D,Billy Liar,Kleon Dollen,2013
01JNDQ8QHEABSBARFVMGXVCQXY,Hurlyburly,Jobey Cosford,1998
01JNDQ8QHE3YN74MCJ21F7F70H,Rango,Maxim Lewry,2020
01JNDQ8QHFQBTRJJSFH5GJSACE,Safe,Celina Worthington,1997
01JNDQ8QHFMNJZ661JBSDPTFR8,Machine Gun McCain (Gli intoccabili),Say Mannin,2007
01JNDQ8QHG5RHXQJQHACSEK7H2,Whitecoats,Lil Divill,1991
01JNDQ8QHGMNDJ94BG8QEK0M3H,"Turandot Project, The",Daniela Carlsson,2008
01JNDQ8QHHYPXBAGKR9QRV5SFB,Anne of the Thousand Days,Aili Slocombe,2005
01JNDQ8QHHDTJW6DV6FZCGRVMZ,Summer Lovers,Brittan Ridehalgh,1992
01JNDQ8QHJPCHT6WVCK0594243,Last Ride,Griz Raistrick,2011
01JNDQ8QHJCD2KXX7DHH8FZJHW,Vibes,Sibylla Barbrick,2005
01JNDQ8QHK783HVXNMVYJZNDSK,Ascension,Roy Stillert,2007
01JNDQ8QHKZHWEY4HDPEVV0GGC,Mon oncle d'Amérique,Berta Barnhart,2007
01JNDQ8QHMJ9R5YE67KGQZSEZF,Musikanten,Sophey O'Scandall,1994
01JNDQ8QHMTCVKNGEKMXDHNSM2,Sympathy for Delicious,Virgina Ramlot,2003
01JNDQ8QHNQP8G3NKB1MQPFQ27,The Magic Crystal,Rob Mowett,1990
01JNDQ8QHN3GY9ZFV35FRQBA0T,Home Run,Elisabeth Roizin,1996
01JNDQ8QHPDGFWW67J6VMKR8PP,Noah,Roxanna Joriot,1995
01JNDQ8QHP0FXZYRFC0VQF34QY,Camila,Annetta Allix,2018
01JNDQ8QHQVYMDD72EJQN7HCD3,"301, 302 (301/302)",Leanora Venney,2012
01JNDQ8QHQMA34ETTBWC2KVGB7,Molly Maxwell,Samuel Crippill,2015
01JNDQ8QHRBXCX0ZX6M3K5FSFE,Arthur Christmas,Beverly Gifford,2004
01JNDQ8QHR6HFN1C1VXT2KAHKH,"Chaser, The (Chugyeogja)",Roi Maslen,2020
01JNDQ8QHRSJHF9YCAMYYH2KJ2,"Special Relationship, The",Netty Haydney,2005
01JNDQ8QHSDNN1HJH5GM5764GB,Santo vs. las lobas,Boone Hyndson,1994
01JNDQ8QHSZMEZ9MGWQD4N7R2Z,Trailer Park Boys: Countdown to Liquor Day,Penrod Blackster,2018
01JNDQ8QHTP1G77901Y1FRP3X4,Gaslight,Sonya Luckey,1999
01JNDQ8QHVK6FANWNFTS1N0DKT,Across the Pacific,Hilde Copes,2017
01JNDQ8QHVF0S9T8DQTGB7MB7M,Trekkies,Aundrea Fanshawe,2018
01JNDQ8QHW5NDXGCDD5G51NWAP,"Thank You, Mr. Moto",Rafferty Brickstock,2006
01JNDQ8QHWVNH469ECAWFW6WRR,Swindle,Inglis Duncan,2015
01JNDQ8QHX2BW3PYSESSX1NW5W,"Vanishing, The",Nicolas Goodyer,2000
01JNDQ8QHX58JSTG0EMJX4YN2B,Hells Angels on Wheels,Aurelie Filippazzo,2007
01JNDQ8QHYVZ8QVTC3BMMT9W67,A Patriotic Man,Modestine Hollingsby,2003
01JNDQ8QHYC4QF8PRAGTMZAKRX,Gladiator,Wolf Trunkfield,1999
01JNDQ8QHZ23VNBKZNVNPC1Q5X,Homevideo,Joletta Ingleson,2002
01JNDQ8QHZA5GAC72D05MPF4S4,"Card Player, The (Il cartaio)",Eloisa Chatteris,1992
01JNDQ8QJ0AYNAB85Z7CPH33QN,Good Old Daze (Le péril jeune),Dawna Crossthwaite,1990
01JNDQ8QJ00D02ZJH83J6VK8MK,Skeleton Man,Tricia Kalinowsky,2010
01JNDQ8QJ18SYAB3HAG5WRH85V,Deceptive Practice: The Mysteries and Mentors of Ricky Jay,Tiffie Frackiewicz,2009
01JNDQ8QJ2HMRKVHHDFR4N4VYW,I'm Not Rappaport,Quintina Skakunas,2003
01JNDQ8QJ2XR4HYBSR8X1XFNTP,Neverwhere,Randee MacGuffie,2014
01JNDQ8QJ3GB5RMR7BRBN284Z9,Arthur 2: On the Rocks,Carolee Drennan,1991
01JNDQ8QJ34VDA9TX6P2TPWPWH,Jack Reacher,Modesta Gilhool,2009
01JNDQ8QJ3F3FNS1J8Q7NQFAV9,House of Flying Daggers (Shi mian mai fu),Marci Quirke,2004
01JNDQ8QJ4H7DMHDBFKRFTVCWP,Angel,Jean Rootham,2016
01JNDQ8QJ41C3NR95EX2RCQXWZ,Stalag 17,Chastity Caramuscia,1995
01JNDQ8QJ5V1HTXD6CQK1NVPHQ,7th Floor,Charil Craister,2011
01JNDQ8QJ6YBZXSVVBH75MG89G,Contraband,Dew Pestell,1995
01JNDQ8QJ6YQDY4H0F3EEE71NG,Runaway Train,Stefania Pieroni,1997
01JNDQ8QJ7XHQFN4B5XWFX5WSR,"Sea Gull, The",Fawn Slyme,2010
01JNDQ8QJ76JS7SQP7GF41X2BE,Generation Um...,Moira Mackleden,1993
01JNDQ8QJ7ZNFXK4MKT0WV2CRY,Puppet Master: The Legacy (Puppet Master 8),Valeda Braksper,1991
01JNDQ8QJ853C3KD66031A65CY,Night Must Fall,Irena Digman,2000
01JNDQ8QJ81T63SQR1MM7G2JV5,Slaying the Badger,Earle Cuningham,2017
01JNDQ8QJ9DQXZCTDEFD0TKJ6S,Shock,Abner Kelly,1994
01JNDQ8QJAVDQ5QXXP3CD6DGX8,Courageous,Geoff Bredes,1998
01JNDQ8QJA1QAGMRH84E1BD2ST,Jimmy Hollywood,Danny Martelet,1996
01JNDQ8QJBRPQ0QA11N4PS3Y9K,Winged Creatures (Fragments),Oren Sandars,1997
01JNDQ8QJBR5FX4DMEKT5CY1QS,"Whole Town's Talking, The (Passport to Fame)",Etty Goolden,1997
01JNDQ8QJC57PQ7EXCCTWT601X,My Boy Jack,Waldon Lowing,1994
01JNDQ8QJC47JKWMW72V22JS23,Bed & Breakfast: Love is a Happy Accident (Bed & Breakfast),Annmaria Josephy,1995
01JNDQ8QJDR1WYHME2E4GSV20X,"Sleeping Car, The",Egbert Fanthome,1997
01JNDQ8QJDP255DJV3BDMEBFEH,"Back-up Plan, The",Inge Purkess,2008
01JNDQ8QJEPQQ10PKSAXZ6Z9NM,Nothing Personal,Amalia Delacoste,2019
01JNDQ8QJEZQGX1QNSD29KS0CZ,DarkWolf,Fred Nevett,2012
01JNDQ8QJE4JT81PT8RY7C342C,Angel Eyes,Frannie Rizzi,1994
01JNDQ8QJF6914TDFWRJJFWF13,Mary Stevens M.D.,Salmon Danzelman,1993
01JNDQ8QJFMVNKJ77DJCSDJCXC,Something Is Happening (Kuch Kuch Hota Hai),Lorilee Eam,1999
01JNDQ8QJGHP7NM0NAG0SKQCWH,Tampopo,Jocelyn Danes,2012
01JNDQ8QJG4VDDR57JNEGF56AT,"Remember the Daze (Beautiful Ordinary, The)",Shurlocke Prigg,2009
01JNDQ8QJHVBQM7E953828A6AF,Crockdale,Anneliese McAlarney,1995
01JNDQ8QJH6G1JFPBZNFA2ZHA2,Faces of Death: Fact or Fiction?,Janis Celier,2005
01JNDQ8QJJ6Z9GP51ST5WMFWM4,Trust,Jori Barnewall,2009
01JNDQ8QJJW9A7W15Z2DDTYJP2,Rage of Angels: The Story Continues,Jerad Halesworth,1992
01JNDQ8QJKQJXMC52N0D5B0NGD,"Two Days, One Night (Deux jours, une nuit)",Quill Cuttles,2010
01JNDQ8QJKSH6J0743P4Y9XB5V,Chain of Command,Dolley Crop,2008
01JNDQ8QJMSESB909YH40SXXGN,Seyyit Khan: Bride of the Earth (Seyyit Han),Anselm Balnave,2017
01JNDQ8QJMF7374V14WYD95D6V,United,Enrico Lemoir,2013
01JNDQ8QJNTWPX20YHAJ2B1HJE,"Last Valley, The",Iolande Tacey,1991
01JNDQ8QJNJ1EKJN9XS7H9342E,Winnie the Pooh,Fidole Wyleman,2001
01JNDQ8QJP2W85P6Y19ZYAQASZ,Three Brave Men,Jerrie Hounsom,1995
01JNDQ8QJP4NWXNWY8TJA41YNV,Dracula,Bernetta Cumpton,1991
01JNDQ8QJQPZSWC7VPKEWG2KPW,Graveyard Shift (Stephen King's Graveyard Shift),Jefferey Hamp,2006
01JNDQ8QJQ7GHP4XSVZ6MG73HR,"Help, The",Chuck Erasmus,1997
01JNDQ8QJRMHGMRTX8FGR3XDN4,Power (Jew Süss),Dorie Jarrel,1999
01JNDQ8QJRJ0JJQ84F980QN8E8,Sacred Heart,Oberon Larn,2004
01JNDQ8QJSGD3MRW62J1NSZQKN,Chronicle of a Summer (Chronique d'un été),Berkly Pryell,2009
01JNDQ8QJSBK5VMMHFC3G735ZF,Sleepless in Seattle,Samson Schofield,2016
01JNDQ8QJTBQEK79BRPDH1RJM0,Celeste and Jesse Forever (Celeste & Jesse Forever),Chariot Downie,2011
01JNDQ8QJTGYME61T91FASXKHJ,Palais royal !,Eugenius Wasling,2008
01JNDQ8QJV6FVDSFXV1X5C7J9X,Clash by Night,Laurella Guarnier,2014
01JNDQ8QJVR8YWK5T4T02KEM2Y,Live-In Maid (Cama adentro),Jarret Jurisic,1990
01JNDQ8QJWM3C8W9EM18S4VBMG,"Reluctant Saint, The",Damien Whordley,1996
01JNDQ8QJW8DA1EJJMP0EP63M2,Battle in Heaven (Batalla en el cielo),Fonzie Birds,2006
01JNDQ8QJXH8DYY4SJKWC7J3D5,Battle of the Warriors,Goldina Robjohns,2009
01JNDQ8QJYTQEH446R7PJM3GWJ,Sky Captain and the World of Tomorrow,Bone Kalinovich,2017
01JNDQ8QJY0DRX0YNCEFP7GP14,Amazing Grace and Chuck,Conrad Darling,2018
01JNDQ8QJYSCK7AHRTD0QB4KJQ,8MM 2,Tonnie Tourmell,2017
01JNDQ8QJZVGV1812TNSP9EQNF,Lake City,Kelila Hexter,1997
01JNDQ8QJZ74RBQR1Y0K3C4Q2H,Freaks,Cull Jaycocks,2000
01JNDQ8QK0X06CX9G9ZB0S2ZGR,Carlos,Nobe Tapper,2003
01JNDQ8QK091XZD4YT993D6FJJ,"Bruno (Dress Code, The)",Arabelle Wauchope,2004
01JNDQ8QK1Z95E5KN2ZW0MM1EY,Eden of the East the Movie I: The King of Eden (Higashi no Eden Gekijoban),Arliene Eirwin,2004
01JNDQ8QK1VA3KA1PPCFD7MRM6,Assault of the Sasquatch (Sasquatch Assault),Alfreda Bothram,2012
01JNDQ8QK2MTKAHDV961PC6NP1,Cinema Komunisto,Roberta Cruz,1998
01JNDQ8QK2Q2X0Q7KDHZT26KYX,"King of Fighters, The",Claribel Cricket,2017
01JNDQ8QK3Q0MJHHPY0JAMVJK6,Something Wicked This Way Comes,Carmine Giacomuzzi,2001
01JNDQ8QK4A57ZH670DAS9HVSX,"Temptation of St. Tony, The (Püha Tõnu kiusamine)",Molly McTrustie,1991
01JNDQ8QK4CDVD4V9HN628V2KW,"Night They Raided Minsky's, The (Night They Invented Striptease, The)",Sonny Serrels,2000
01JNDQ8QK5DKBMR53GFC5H4MS2,Colorado Territory,Rycca Loges,1998
01JNDQ8QK5MKDPDYR1PZ94KX16,"Blue Dahlia, The",Marchall Reddyhoff,2017
01JNDQ8QK684GSHC7TVTKD29HT,"Condemned, The",Dorothee Marklin,2019
01JNDQ8QK6DSV0B7HVEM2JQSMX,"Blind Menace, The (Shiranui kengyô)",Johny Galler,2015
01JNDQ8QK7S5RS5AGDSCEK5N1S,Manhattan Murder Mystery,Clywd Daber,1992
01JNDQ8QK7HKJJ3TRR8KRSQ8DY,Kill Me Later,Ardella Hackey,2008
01JNDQ8QK8DS4NE8630WKBB4CP,"Man with One Red Shoe, The",Elva Huster,1990
